id,user,date,source,retweets,text,followers,statuses,listed,friends,source_cleaned,tweettopic
294,Geuka,Fri  01 Mar 2013 22:03:26 +0000,Business Insider on iOS,0,One Of Apple's Most Important Early Execs Is Now Helping Google With Android http://t.co/D6vvmVniSe via Business Insider,122,1037,2,425,iOS,Android
296,raincrowgames,Fri  01 Mar 2013 19:25:46 +0000,Camera on iOS,0,Clan Fangtastic threw an Initiation Party today adding 819 victims! http://t.co/KWdOVhpQHo #Gaming #Android http://t.co/g7tL9AByUJ,1315,833,7,2000,iOS,Android
1215,Carol_Joann,Fri  01 Mar 2013 18:47:32 +0000,eBay on iOS,0,#FreeShipping #NEW #OtterBox #Defender Series #Belt #Clip #Holster for #HTC #Inspire #Android  (Black): http://t.co/ly76cJs03p #ebaymobile,382,2374,4,2001,iOS,Android
3016,Gaby_arrr,Fri  01 Mar 2013 19:32:24 +0000,iOS,0,Who's good with android phones and is tryna help me out real quick?,1144,19066,0,984,iOS,Android
3086,_iaaan,Fri  01 Mar 2013 22:02:18 +0000,iOS,0,*hears android ringtone* *pukes*,102,3571,0,68,iOS,Android
3108,Ali__Nikole,Fri  01 Mar 2013 22:34:45 +0000,iOS,0,my grandpa got a tablet &amp; an android he's so hip,108,8561,0,266,iOS,Android
3130,LillyMacSaidIt,Fri  01 Mar 2013 23:22:23 +0000,iOS,0,How do u change tha font on an android? I see ppl wit other fonts and no tha factory norm. Hep me out plzz!!,1030,23025,0,930,iOS,Android
3135,ColorMeFly,Fri  01 Mar 2013 23:32:11 +0000,iOS,0,"I call this extra android phone I have my ""iPad"" cause it's so damn big lol.",1281,56337,14,573,iOS,Android
3673,mobevegas,Fri  01 Mar 2013 21:50:30 +0000,Osfoora for iOS,0,What's your Lucky Number? Try our New Roulette on your mobile! WIN CASH NOW!! http://t.co/TA4JQo6B #mobile #android #Roulette #Games #casino,461,870,13,428,iOS,Android
3905,ianabalos99,Fri  01 Mar 2013 17:23:29 +0000,Photos on iOS,0,The good thing about SAMSUNG Grand (Android OS) is.. |@gjaninedxd | http://t.co/Ylkseonl5D,112,988,0,98,iOS,Android
3919,thomaskee13,Fri  01 Mar 2013 22:45:38 +0000,Photos on iOS,0,Hack  hack :) - Custom ROM on my Android Samsung Phone :) http://t.co/DQy9tpJIUI,200,12479,6,123,iOS,Android
4346,Sensespoison,Fri  01 Mar 2013 23:34:26 +0000,Reeder on iOS,0,Japanese agency warns of information-stealing Android porn app http://t.co/utIwdDc4Ma,1697,53873,61,260,iOS,Android
4424,TudorJuravlea,Fri  01 Mar 2013 19:51:03 +0000,Safari on iOS,0,GDG summoning Android developers in Bucharest http://t.co/0gDTaY14PR,526,762,18,1231,iOS,Android
4426,paolomassa,Fri  01 Mar 2013 23:01:49 +0000,Safari on iOS,0,The First ?€?E-Ink Android Smartphone?€? Unveiled  Offers 4 Weeks Battery-Life http://t.co/26DCpA3MYv,251,4287,8,192,iOS,Android
4509,CameronDigital,Fri  01 Mar 2013 22:04:22 +0000,SkyGrid on iOS,0,"The New York Times Expands Flipboard Apps To Android &amp; Kindle Fire
http://t.co/DaraFeSwDa",1136,6667,12,2000,iOS,Android
4726,Mariorq14,Fri  01 Mar 2013 20:57:35 +0000,TechCrunch on iOS,0,Sony Xperia C670X Specs Leak  Suggesting A New Android Flagship To Take On The HTC One  @TechCrunch http://t.co/7oa9LQyLGx,315,18496,3,701,iOS,Android
5612,Dexwell_,Fri  01 Mar 2013 23:17:36 +0000,Tweebie for iPhone,0,@Will3942 Android is lame,560,32689,30,787,iOS,Android
6090,neapel,Fri  01 Mar 2013 19:06:37 +0000,Tweetbot for iOS,0,on that note  let?€?s check in with the Android crowd *opens hatch*,251,16951,13,335,iOS,Android
6105,jetsetsonic,Fri  01 Mar 2013 19:36:03 +0000,Tweetbot for iOS,0,Also trying to understand how RR3 looks better on my 4S than my Nexus 7. Oh  that?€?s right  cause big devs don?€?t give two shits about Android,27,1337,0,75,iOS,Android
6107,jayeshb,Fri  01 Mar 2013 19:37:11 +0000,Tweetbot for iOS,0,"@weemundo @Harry_Jerry Mundo don?€?t make hipster emotes. :(

I miss emojis on android. That?€?s all btw. Everything else is pretty good.",414,45805,6,123,iOS,Android
6121,jason_madsen,Fri  01 Mar 2013 19:59:48 +0000,Tweetbot for iOS,0,Found an android tablet on a bench. Found owners email. Sent email. Any other ideas on how to contact them? http://t.co/JaVYJcoF5R,403,1098,20,322,iOS,Android
6135,chaensel,Fri  01 Mar 2013 20:16:38 +0000,Tweetbot for iOS,0,Honestly  the HTC One X feels cheap  and Android is  in my opinion  for kids. Anybody wants to trade his Lumia for my HTC One X? :P #asif,248,12913,10,53,iOS,Android
6144,ricopenguin,Fri  01 Mar 2013 20:26:25 +0000,Tweetbot for iOS,0,@PrivateFC You are too nice so don't don't worry. I have planted an explosive surprise in her Android gingerbread sandwich #kAbLaMmO xD,79,718,1,83,iOS,Android
6147,mattrosno,Fri  01 Mar 2013 20:35:11 +0000,Tweetbot for iOS,0,Didn?€?t know how emoji-dependent I was until texting an android user. HOW DO I EXPRESS MYSELF?,225,1221,8,173,iOS,Android
6167,shawncase,Fri  01 Mar 2013 20:58:53 +0000,Tweetbot for iOS,0,Asana launches Android App! | Best project management software I've used! http://t.co/9Ca6gTjvs5,407,2443,6,485,iOS,Android
6172,gerrit77,Fri  01 Mar 2013 21:05:33 +0000,Tweetbot for iOS,0,I don?€?t need fliers from a cremation service. I need a service that promises to put my brain into an android body so I can live forever.,57,1344,2,177,iOS,Android
6183,Heinrich0711,Fri  01 Mar 2013 21:19:27 +0000,Tweetbot for iOS,0,@pierrefitch I love Android OS but worried about battery life &amp; long term durability,62,2982,0,255,iOS,Android
6184,Heinrich0711,Fri  01 Mar 2013 21:19:27 +0000,Tweetbot for iOS,0,@pierrefitch I love Android OS but worried about battery life &amp; long term durability,62,2981,0,255,iOS,Android
6186,DeanAJMaiden,Fri  01 Mar 2013 21:20:28 +0000,Tweetbot for iOS,0,@RobinSchrijvers have you tried 8tracks yet. It works on android and on the Internet.,262,9200,0,300,iOS,Android
6191,AtomicPlayb0y,Fri  01 Mar 2013 21:32:11 +0000,Tweetbot for iOS,0,@DylanReeve @nzben @freitasm @billbennettnz RIM and android may as well be dead to business.,226,8076,8,527,iOS,Android
6199,TwiPony,Fri  01 Mar 2013 21:45:37 +0000,Tweetbot for iOS,0,@vanillaooc android?,993,20815,12,129,iOS,Android
6219,nachimir,Fri  01 Mar 2013 22:23:43 +0000,Tweetbot for iOS,0,@missdoda @Pyroka: @rossaluss sailed up to 27s on first go at hyper hexagonest on my ithing  after switching from android.,1234,14709,78,496,iOS,Android
6234,TheRealBigMark,Fri  01 Mar 2013 22:57:13 +0000,Tweetbot for iOS,0,S4 gone have Android 4.3 and S3 gone be stuck on 4.1 lmaoooooo,118,11057,3,154,iOS,Android
6235,TheRealBigMark,Fri  01 Mar 2013 22:58:35 +0000,Tweetbot for iOS,0,Best manufacturer of Android phones based off  OS upgrade support is HTC,118,11058,3,154,iOS,Android
6241,emslj,Fri  01 Mar 2013 23:06:41 +0000,Tweetbot for iOS,0,@ollyk81 Congratulations  that has joined @lottiens?€? cow battery life indicator as the only things to ever make me wish I had an Android.,800,50237,32,312,iOS,Android
6249,SpeckK,Fri  01 Mar 2013 23:16:47 +0000,Tweetbot for iOS,0,@elforesto @fruhwirth I pay ~$25 a month for an Android phone as long as I don't use much data https://t.co/QwLWBKKvrZ,202,6549,15,192,iOS,Android
6256,OohCrystal,Fri  01 Mar 2013 23:20:23 +0000,Tweetbot for iOS,0,@SincerelyDavis I hate the android operating software so mehhhhhh,712,73600,57,396,iOS,Android
6264,SessionBlogger,Fri  01 Mar 2013 23:33:45 +0000,Tweetbot for iOS,0,@bomaya Great choices. My Top 3 would have been 1. Paranoid Android  2. Let Down  3. Reckoner.,343,2279,7,535,iOS,Android
6428,ouijella,Fri  01 Mar 2013 20:35:15 +0000,TweetCaster for iOS,0,I need an android tablet!,78,1316,2,169,iOS,Android
6431,DistrictGalaxxy,Fri  01 Mar 2013 22:00:00 +0000,TweetCaster for iOS,0,@BassHeadMiguel shush up. Speaking that nonsense! Possessed by the android demons &amp; shit. Ahah,2504,35732,4,213,iOS,Android
6432,JasinIsTrouble,Fri  01 Mar 2013 22:16:10 +0000,TweetCaster for iOS,0,Lol not for another 2 yrs grl RT @INYRMOUTH87: @JasinIsTrouble girl come back to android,288,21869,10,301,iOS,Android
6433,LouDaddie_RDC,Fri  01 Mar 2013 22:21:52 +0000,TweetCaster for iOS,0,@leila_mob lmaoo I was playin that shit is long gone... It was back in my Android days,1374,59097,9,996,iOS,Android
6434,LouDaddie_RDC,Fri  01 Mar 2013 22:24:40 +0000,TweetCaster for iOS,0,@leila_mob it means that my android phone saved it.. Like I said its in a dumpster somewhere gurl your body ain't that vicious,1374,59100,9,996,iOS,Android
6435,ReadEm_ndWeep,Fri  01 Mar 2013 22:51:05 +0000,TweetCaster for iOS,0,Sorry android users all my tweets gonna have and emoji from now on #Team????,346,27877,3,303,iOS,Android
6437,MaddDoggMiller,Fri  01 Mar 2013 23:29:18 +0000,TweetCaster for iOS,0,@LateCold the android version is coming out soon. It's totally worth the download.,286,6263,0,284,iOS,Android
6781,Brol1kTheGreat,Fri  01 Mar 2013 22:39:00 +0000,Tweetings for  iPhone,0,@MrViZZiATO is it dropping for AT&amp;T? I'm actually looking for an android phone nexus or htc one X to toy with.,213,48579,3,158,iOS,Android
6782,codedit,Fri  01 Mar 2013 22:54:03 +0000,Tweetings for  iPhone,0,@DojiSaber I don't know  I'm not an android developer... Ask on an android development forum.,1181,15473,30,202,iOS,Android
6789,CashDADDY_,Fri  01 Mar 2013 23:20:14 +0000,TweetList!,0,@MauryRell_ I know ! Niggas wanna be on that bumass  android flow,312,43976,3,332,iOS,Android
9181,emreaksoyGS,Fri  01 Mar 2013 19:09:47 +0000,Twitter for iPad,0,@zekikayahan Android,186,1537,0,254,iOS,Android
9200,justicejr,Fri  01 Mar 2013 19:30:15 +0000,Twitter for iPad,0,@wacom's new tablet device will run Android. Just guessing.,522,7611,36,1540,iOS,Android
9224,shadow3vil,Fri  01 Mar 2013 20:24:03 +0000,Twitter for iPad,0,Android is better than apple just because Android can watch Flash videos. Okay because Flash makes it all better. :P http://t.co/iuwmyeiRnx,3,206,0,35,iOS,Android
9234,Ryanlight29,Fri  01 Mar 2013 20:36:57 +0000,Twitter for iPad,0,"@9to5Google Another day  another ""me too"" Android tablet. *Yawn*. Can't imagine it would sell really well.",20,288,0,171,iOS,Android
9236,android_no,Fri  01 Mar 2013 20:40:04 +0000,Twitter for iPad,0,"Android tiene mucho LAG
http://t.co/ZWZ3Nb801e",1111,6833,23,1996,iOS,Android
9237,Mariaaax_x,Fri  01 Mar 2013 20:41:20 +0000,Twitter for iPad,0,Touch pal keyboard on android is similar to swift key  but swift key is better.,583,3769,0,252,iOS,Android
9259,razer_i7,Fri  01 Mar 2013 21:11:10 +0000,Twitter for iPad,0,@NerdyFTW @nickba lol android doesn't have it any more either,887,146075,8,529,iOS,Android
9266,DjNezzyNezz,Fri  01 Mar 2013 21:18:44 +0000,Twitter for iPad,0,@android_andy bitch just text me. #chchbang,178,7694,0,157,iOS,Android
9275,gadamak,Fri  01 Mar 2013 21:39:43 +0000,Twitter for iPad,0,The HP Slate 7 tablet with Android OS is a fully featured tablet that brings your world down to size.,242,1874,4,624,iOS,Android
9276,codfather,Fri  01 Mar 2013 21:40:06 +0000,Twitter for iPad,0,Have to say after several weeks playing with Android 4.2   the Android devs have really nailed this OS. Fast  Usable and intuitive 10/10,1750,6725,37,1848,iOS,Android
9284,mbrkbichi,Fri  01 Mar 2013 21:44:38 +0000,Twitter for iPad,0,?€?@LaughorYawn: Your tweeting VIA ANDROID doesn't mean your IQ is higher than someone that tweets via NOKIA?€? haha,210,10521,0,223,iOS,Android
9289,Aysha_muah,Fri  01 Mar 2013 21:50:05 +0000,Twitter for iPad,0,?€?@tHe_sMoOcHy: u r tweeting VIA ANDROID doesn't mean your IQ is higher than someone that tweets via NOKIA?€?,550,2932,2,229,iOS,Android
9290,Pietrosparks,Fri  01 Mar 2013 21:50:35 +0000,Twitter for iPad,0,K ?€?@fr3sh_ish: Your tweeting VIA ANDROID doesn't mean your IQ is higher than someone that tweets via NOKIA?€?,246,14235,0,163,iOS,Android
9293,tjsynkral,Fri  01 Mar 2013 21:59:19 +0000,Twitter for iPad,0,@DraakSwifttail That's an Android problem. Any keyboard that doesn't have it is violating the Android IME requirements.,357,7902,7,399,iOS,Android
9300,blomgren23,Fri  01 Mar 2013 22:10:19 +0000,Twitter for iPad,0,@droid_life: Final contest:  Win a Nexus 10 16GB from Droid Life! http://t.co/21ovoUTWrN #android,26,545,0,89,iOS,Android
9310,springrose12,Fri  01 Mar 2013 22:16:15 +0000,Twitter for iPad,0,@Mruff221 But you are the most perfect android I've ever met. Technology is really improving:),875,24653,26,680,iOS,Android
9314,perossmeisl,Fri  01 Mar 2013 22:24:08 +0000,Twitter for iPad,0,"?€?@pyle_sandy: Now It's Their Turn to Tighten Belts  http://t.co/aEjJW45JGb - Sent via the FOX News Android

AMEN!!! http://t.co/t0AeMhDs1y",504,2291,3,653,iOS,Android
9317,AyoAshezSays,Fri  01 Mar 2013 22:27:45 +0000,Twitter for iPad,0,Went burger king yesterday for the first time ! Wid dawn .. We saw dutty android ... I wont even comment on the food i had :/,373,31094,2,373,iOS,Android
9331,ZedKunda,Fri  01 Mar 2013 22:58:26 +0000,Twitter for iPad,0,The more I research the more I want an #XperiaZ it is stunning #android perfection,42,440,0,146,iOS,Android
9332,Abuwalid9999,Fri  01 Mar 2013 23:00:27 +0000,Twitter for iPad,0,"???????????? ?????????????? 
I recommend you to use Salatuk v 1.3.4. 
Visit the links from your android phone. 
Salatuk v 1.3.4 {{http://t.co/ymDGSXx4qP",1012,22800,3,1268,iOS,Android
9336,CentsNoCash,Fri  01 Mar 2013 23:09:21 +0000,Twitter for iPad,0,I don't think I want another android,324,21241,1,218,iOS,Android
9339,LittlePrinceB,Fri  01 Mar 2013 23:13:44 +0000,Twitter for iPad,0,?€?@I_am_a_Leo: Sorry all my android froze :((?€?  put him in the microwave!!#defrost,793,21076,8,1015,iOS,Android
9344,TweetinLegend_,Fri  01 Mar 2013 23:20:27 +0000,Twitter for iPad,0,?€?@RuckaRuckaAli: Romney would have known the difference between Star Trek and Star Wars... he's actually half android himself.?€?,731,25640,1,886,iOS,Android
9355,___aNs,Fri  01 Mar 2013 18:39:58 +0000,Twitter for iPhone,0,@High_On_Android I'm thinking hot and spicy chicken!,2026,44990,2,1691,iOS,Android
9385,TripScanners,Fri  01 Mar 2013 18:47:44 +0000,Twitter for iPhone,0,Have you downloaded our FREE android app? Access over 2 million hotels worldwide. Save up to 80% now.  #tripscanners,440,83,1,1813,iOS,Android
9421,madrigalness408,Fri  01 Mar 2013 19:02:47 +0000,Twitter for iPhone,0,Hit my phone replace thank u apple for ur shitty phones again gotta switch to android,27,612,0,65,iOS,Android
9435,odlew11,Fri  01 Mar 2013 19:05:19 +0000,Twitter for iPhone,0,@officialJROCKG @jdotdenmark23 it's on my android I'm upload it to the CPU and try to from there,1062,38738,2,1061,iOS,Android
9468,MaticgotblapzWB,Fri  01 Mar 2013 19:11:36 +0000,Twitter for iPhone,0,?€?@DJBKnockin: Android sucks?€?fuck a Android da fuck is that,1094,72023,26,588,iOS,Android
9469,Dear_Romeo__,Fri  01 Mar 2013 19:11:39 +0000,Twitter for iPhone,0,Super gay RT@aliciahurlz: if you have an android you're gay,77,8696,0,67,iOS,Android
9475,TopFilmTip,Fri  01 Mar 2013 19:12:27 +0000,Twitter for iPhone,0,True story of how a robot led apocalypse was averted by a boy  his psychotic mum &amp; an Austrian android-TERMINATOR 2: JUDGEMENT DAY 2255 ITV2,3151,11608,38,239,iOS,Android
9490,nathanbinding,Fri  01 Mar 2013 19:15:36 +0000,Twitter for iPhone,0,@commonblob I can only speculate but maybe if you have and android home phone you could use it so it rings on there when you're at home?,59,1088,1,213,iOS,Android
9494,treaa_xoxo,Fri  01 Mar 2013 19:16:11 +0000,Twitter for iPhone,0,???? Kyron &amp; his stupid android ???? ugh,282,40229,1,288,iOS,Android
9498,MadVillainVick,Fri  01 Mar 2013 19:17:10 +0000,Twitter for iPhone,0,Fuck all you android dorks,72,2858,1,58,iOS,Android
9515,Potterhead1234,Fri  01 Mar 2013 19:20:07 +0000,Twitter for iPhone,0,@uSiriussss that's android for ya!,931,17337,8,699,iOS,Android
9532,michelle_jung,Fri  01 Mar 2013 19:23:57 +0000,Twitter for iPhone,0,@YSPWNS4E Stick with the Android unless you want a draining battery and to lose the ability to customize everything  haha.,435,19350,15,112,iOS,Android
9544,SAIW03,Fri  01 Mar 2013 19:25:53 +0000,Twitter for iPhone,0,Also read another SC Android app will be released next week. Great news as the current Android app  for lack of a better word-bites!,94,1431,0,73,iOS,Android
9554,tc271,Fri  01 Mar 2013 19:29:02 +0000,Twitter for iPhone,0,@WCOdevon Josh is that an android or apple app?,125,257,4,219,iOS,Android
9564,ArtMusicLife,Fri  01 Mar 2013 19:31:52 +0000,Twitter for iPhone,0,@Lancebowski Oh and the developer is very responsive.  An email might speed up the Android version.,524,14423,38,198,iOS,Android
9565,TheBlotSays,Fri  01 Mar 2013 19:32:10 +0000,Twitter for iPhone,0,Gonna be killer! RT @deadzebra: Prepare to get lucky this month... #Android @shanejessup http://t.co/BAbBQJKcCu,1434,43475,53,475,iOS,Android
9580,d0vahkiin_,Fri  01 Mar 2013 19:34:52 +0000,Twitter for iPhone,0,Haha sucks to have an android.,913,26308,3,493,iOS,Android
9590,NadiaPariss,Fri  01 Mar 2013 19:36:42 +0000,Twitter for iPhone,0,Download it (Nadia Pariss wallpapers) for android only,17449,11089,144,5,iOS,Android
9597,_dbaker1,Fri  01 Mar 2013 19:38:48 +0000,Twitter for iPhone,0,Trappin off my android,556,11930,1,533,iOS,Android
9598,MMTA7W,Fri  01 Mar 2013 19:39:08 +0000,Twitter for iPhone,0,Dear android users  there's no buttons to the side of the home button on Apple devices  so stop acting like idiots,108,9480,0,66,iOS,Android
9604,Letursiaaa_,Fri  01 Mar 2013 19:39:54 +0000,Twitter for iPhone,0,@SteadyRobbin still better than an android,91,895,0,175,iOS,Android
9608,remembershiyah,Fri  01 Mar 2013 19:40:23 +0000,Twitter for iPhone,0,@StanleyFoster LOL neverrr   i had an android bud ..,242,14213,0,225,iOS,Android
9621,lexii_danii,Fri  01 Mar 2013 19:51:28 +0000,Twitter for iPhone,0,Sorry Android  but I can see clearly now how bad you suck.,116,3909,0,113,iOS,Android
9625,B_Easy08,Fri  01 Mar 2013 19:51:56 +0000,Twitter for iPhone,0,Android = Apple,219,10921,1,211,iOS,Android
9628,DRinzauro,Fri  01 Mar 2013 19:52:46 +0000,Twitter for iPhone,0,The little green android dude is on 27th st. About 5ft tall!!!,106,7312,2,198,iOS,Android
9634,ocitea,Fri  01 Mar 2013 19:53:28 +0000,Twitter for iPhone,0,The #ABC 's of #Android game development: User input http://t.co/TpWFny810y,172,1182,1,150,iOS,Android
9641,young_carta_93,Fri  01 Mar 2013 19:54:47 +0000,Twitter for iPhone,0,@Kishaaa_ the DIRT.  If I ever get another cracked screen I swear I'll be rockn an android,1412,18141,1,1372,iOS,Android
9651,itseddiexx,Fri  01 Mar 2013 19:57:34 +0000,Twitter for iPhone,0,@Emily_Christine I'm sure you could find it on google that's what I would do.  I never really used weather when I had android.,56,3773,0,176,iOS,Android
9662,Dylan_Mooney,Fri  01 Mar 2013 19:59:40 +0000,Twitter for iPhone,0,@SeanHegarty5_ have ye not got a laptop or computer or a android tablet?,194,533,0,491,iOS,Android
9686,Unfamous_Celeb,Fri  01 Mar 2013 20:05:27 +0000,Twitter for iPhone,0,Android needs to make an app compatible with iMessage.,3177,95300,94,1660,iOS,Android
9694,AliBali6t7,Fri  01 Mar 2013 20:07:22 +0000,Twitter for iPhone,0,"@renzotiger got 1 email ref: Android Tablet. Unfortunately I'm receiving texts from all other family members.
#fartoomany",78,470,0,499,iOS,Android
9700,dot1ne,Fri  01 Mar 2013 20:08:16 +0000,Twitter for iPhone,0,@barkerja_ not really  in my opinion only YouTube is tiny bit more polished  Gmail  Maps  G+  Current all perform and work better on Android,1680,13948,110,267,iOS,Android
9701,HumzaHumour,Fri  01 Mar 2013 20:08:29 +0000,Twitter for iPhone,0,So I managed to get android apps working on my computer. So I had to give up the whole OS(WindowsAndroid) for just the apps(Blue stack),51,2274,0,70,iOS,Android
9703,Im_Queen_Bee,Fri  01 Mar 2013 20:09:06 +0000,Twitter for iPhone,0,"My boss didn't know what a android was she was like ""the little green man right?""",439,10660,0,404,iOS,Android
9724,ShanaySays_,Fri  01 Mar 2013 20:13:26 +0000,Twitter for iPhone,0,I need a charger for this phone! Anyone have a spare android charger?!,1045,24348,5,952,iOS,Android
9725,PBand_Jaimie,Fri  01 Mar 2013 20:13:29 +0000,Twitter for iPhone,0,@sharing_iskaren this app you have that gives you money..they have it for android  too..it's hard to explain,284,21229,0,236,iOS,Android
9734,Hate_on_MINES,Fri  01 Mar 2013 20:16:22 +0000,Twitter for iPhone,0,"???????????????? she said ""android users are like AKAs secretly hoping for a better way"" ????????????????????",1110,55784,2,810,iOS,Android
9756,Zeke_Corleone,Fri  01 Mar 2013 20:20:52 +0000,Twitter for iPhone,0,@J_Vice32 @girlsgonekyle7 @ejadajasmine @blaze23_johnny lmfaoooo whn James first got his Android,658,22772,0,377,iOS,Android
9761,Poker_Face28,Fri  01 Mar 2013 20:22:12 +0000,Twitter for iPhone,0,"?€?@Hate_on_MINES: ???????????????? she said ""android users are like AKAs secretly hoping for a better way"" ?????????????????????€? omg ????????????",812,38031,5,756,iOS,Android
9774,AUUGHH,Fri  01 Mar 2013 20:24:27 +0000,Twitter for iPhone,0,Started from a android now we're here ???? ???????????????,1210,34722,3,736,iOS,Android
9780,smsm747474,Fri  01 Mar 2013 20:26:11 +0000,Twitter for iPhone,0,"recommend you to use Qurani v 1.2.4. 
Visit the links from your android phone. 
Qurani v 1.2.4 ( http://t.co/ALSiFcZJtp",2130,15425,5,1287,iOS,Android
9804,smsm747474,Fri  01 Mar 2013 20:32:06 +0000,Twitter for iPhone,0,")

I recommend you to use Thousand Sunnah v 1.3. 
Visit the links from your android phone. 
Thousand Sunnah v 1.( http://t.co/yhHAvhGBpy )",2130,15426,5,1287,iOS,Android
9814,MrsTiiney___,Fri  01 Mar 2013 20:35:11 +0000,Twitter for iPhone,0,Fuck an Android ;),220,12580,0,191,iOS,Android
9827,lonzie_range,Fri  01 Mar 2013 20:37:25 +0000,Twitter for iPhone,0,?€?@ay_2_fly7: @lonzie_range shiiii never that!!! Ima Android kinda guy lol?€? smh you gon learn someday!! *Kev Hart Voice*,498,16400,3,452,iOS,Android
9832,KoraBlagden,Fri  01 Mar 2013 20:38:07 +0000,Twitter for iPhone,0,@davesargent @smiffysbar @barneybrazil @toryglenrangers @agentor73787152 Oops! ;) I'm sure it won't be long til it's on the android apps :),551,8809,5,620,iOS,Android
9839,Trevar_Martin,Fri  01 Mar 2013 20:39:11 +0000,Twitter for iPhone,0,I ain't about that android life,256,1551,0,208,iOS,Android
9842,geeivonne,Fri  01 Mar 2013 20:39:53 +0000,Twitter for iPhone,0,@Semaje_ ????semaje  you had an android thats why!,459,12647,1,197,iOS,Android
9859,Semaje_,Fri  01 Mar 2013 20:43:00 +0000,Twitter for iPhone,0,I remember those days when i was team android. Started from the bottom now we here ????,2996,18319,9,1997,iOS,Android
9864,BeardedBandittt,Fri  01 Mar 2013 20:45:03 +0000,Twitter for iPhone,0,But then again my SnapChat was messed up...now I can't get videos from Android users. You can never have the best of both worlds....,404,14339,2,314,iOS,Android
9887,MademoiselleDez,Fri  01 Mar 2013 20:49:41 +0000,Twitter for iPhone,0,Android getting Instagram was THE biggest mistake.,551,36707,2,385,iOS,Android
9906,jd010980,Fri  01 Mar 2013 20:53:07 +0000,Twitter for iPhone,0,Dominion Intrigue and Android: Netrunner. Need players. #games #bgg #yfc,144,4828,3,284,iOS,Android
9908,BasedTacos,Fri  01 Mar 2013 20:53:33 +0000,Twitter for iPhone,0,The majin buu saga is the greatest then then the cell saga then the android saga then then frieza.,231,26260,0,211,iOS,Android
9911,Tash_Solo,Fri  01 Mar 2013 20:54:03 +0000,Twitter for iPhone,0,@EfffinFabolous ???? I didn't even know android has auto correct too,445,11335,2,421,iOS,Android
9918,Aye_yo_itsDee,Fri  01 Mar 2013 20:55:31 +0000,Twitter for iPhone,0,@imBeaming_ That's cute  cause I switched over to my android a month ago. ????????,340,30564,0,251,iOS,Android
9919,cindystarks,Fri  01 Mar 2013 20:55:38 +0000,Twitter for iPhone,0,"RT @MaryamatHP: Meet the new HP Slate7  powered by Android. http://t.co/X32qp5Jg1b ""You had me at hello."" @AFinnie ;)",558,2923,17,774,iOS,Android
9920,instawedapp,Fri  01 Mar 2013 20:55:38 +0000,Twitter for iPhone,0,Who has an android and wants to help out,3448,1041,8,1064,iOS,Android
9931,brittanylc_,Fri  01 Mar 2013 20:57:29 +0000,Twitter for iPhone,0,@savannahpilates I can see ya android shit,261,6676,0,250,iOS,Android
9934,callmebaldy,Fri  01 Mar 2013 20:58:25 +0000,Twitter for iPhone,0,Lord my nanny just bought an android???? she hasn't had a cell phone in 8 years,546,6212,0,440,iOS,Android
9942,gingerninjadani,Fri  01 Mar 2013 21:01:06 +0000,Twitter for iPhone,0,Is avg antivirus fro android any good?,698,18695,18,1319,iOS,Android
9943,DUBfromVA,Fri  01 Mar 2013 21:01:20 +0000,Twitter for iPhone,0,NEW APP  stream music whenever  wherever.. If you have a android thanks !  http://t.co/yaV1doIlSR,411,4353,14,253,iOS,Android
9948,YeaRightDoee,Fri  01 Mar 2013 21:02:20 +0000,Twitter for iPhone,0,@natalicarmenn just get the app !! I have an android too lol,243,7396,0,132,iOS,Android
9954,Edfor3,Fri  01 Mar 2013 21:03:34 +0000,Twitter for iPhone,0,Leander got the android dude out there twearking,345,17498,2,303,iOS,Android
9973,PerfLoveLife,Fri  01 Mar 2013 21:07:53 +0000,Twitter for iPhone,0,@LifeOfAGFx it's an android app,5725,10501,3,2535,iOS,Android
9996,1badd_libra32,Fri  01 Mar 2013 21:12:49 +0000,Twitter for iPhone,0,My mama done got her an android...she think she the shit now lmao,284,16871,0,299,iOS,Android
10006,_kiyaboo,Fri  01 Mar 2013 21:15:14 +0000,Twitter for iPhone,0,@ErnestFipps123 well idk   ask somebody who got a android,953,25198,0,681,iOS,Android
10008,jrdam74,Fri  01 Mar 2013 21:15:35 +0000,Twitter for iPhone,0,@Android_Tuning Followback,938,429,1,1097,iOS,Android
10012,sloweatermvp,Fri  01 Mar 2013 21:16:31 +0000,Twitter for iPhone,0,@Android_Tuning   #Preciate_The_Follow,5997,34569,95,6560,iOS,Android
10013,MyLifeAsJeMS,Fri  01 Mar 2013 21:16:32 +0000,Twitter for iPhone,0,@GeezytaughtHer_ @_rudeboi101 the freedom of the android life is missed by me lol ????,104,11574,4,72,iOS,Android
10015,LyleReasoner,Fri  01 Mar 2013 21:17:01 +0000,Twitter for iPhone,0,@Gatsby4815 I used to have an android and I converted,190,3759,1,213,iOS,Android
10026,porkchophamwich,Fri  01 Mar 2013 21:19:27 +0000,Twitter for iPhone,0,@Irukanji_Cookie that link might help. I think I used to be able to do it from my old android phone.,36,873,1,91,iOS,Android
10028,ATripToLONDON,Fri  01 Mar 2013 21:19:40 +0000,Twitter for iPhone,0,Guess Ill Be Trapping off this Android Til Monday,1057,14742,0,879,iOS,Android
10037,JhonDique,Fri  01 Mar 2013 21:28:20 +0000,Twitter for iPhone,0,I remember when I had an Android,352,19176,0,301,iOS,Android
10038,datniggamickel,Fri  01 Mar 2013 21:28:26 +0000,Twitter for iPhone,0,@PrettyPreshay u got a android dnt u ...,534,5044,0,758,iOS,Android
10043,h_o_d_g_e100,Fri  01 Mar 2013 21:29:08 +0000,Twitter for iPhone,0,Back to a damn android ????,468,37821,0,343,iOS,Android
10054,RachelCarey15,Fri  01 Mar 2013 21:31:17 +0000,Twitter for iPhone,0,@camkeyes I thought you couldn't cause you had an android ????,673,1647,0,659,iOS,Android
10081,lordkenobi,Fri  01 Mar 2013 21:35:02 +0000,Twitter for iPhone,0,@4eyedballer krillen is nice! I forgot he had a girlfriend before android 18,75,2351,0,75,iOS,Android
10088,Poisontattoo94,Fri  01 Mar 2013 21:36:41 +0000,Twitter for iPhone,0,@wood197302 not bad I'm only getting bout 3 on ee so pretty bad that's why I'm looking to switch and go android,288,1707,1,1106,iOS,Android
10092,StNick_212,Fri  01 Mar 2013 21:37:41 +0000,Twitter for iPhone,0,@beynd_beauTful android... #Fail,50,1562,0,83,iOS,Android
10099,BlaqBecki,Fri  01 Mar 2013 21:38:35 +0000,Twitter for iPhone,0,?€?@sneakersapp: Hey #sneakerheads if you are on Android download our App now http://t.co/PlL9lAVMeq and let's talk and share! @jordan22501,328,2358,0,877,iOS,Android
10105,T_RAWW95,Fri  01 Mar 2013 21:39:38 +0000,Twitter for iPhone,0,@ihadatweetsome I don't think I could handle another android!,1816,20834,1,633,iOS,Android
10109,hatercopter,Fri  01 Mar 2013 21:40:33 +0000,Twitter for iPhone,0,@gwvatieri You think android users are more averse to Facebook?,677,4736,35,938,iOS,Android
10143,RockerKillz,Fri  01 Mar 2013 21:46:54 +0000,Twitter for iPhone,0,@TREEKASS i change it mine is a android now,1183,59004,1,995,iOS,Android
10145,Joey_NVJO,Fri  01 Mar 2013 21:47:09 +0000,Twitter for iPhone,0,I got a job dressed up like a android on Campbell drive everyone ride by and throw tomatoes at me,253,10446,0,188,iOS,Android
10152,AkronLovesYou6,Fri  01 Mar 2013 21:48:41 +0000,Twitter for iPhone,0,#nowplaying Paranoid Android- Radiohead,61,1043,0,455,iOS,Android
10154,sayyyBAA_,Fri  01 Mar 2013 21:48:53 +0000,Twitter for iPhone,0,I miss my android,587,18434,1,755,iOS,Android
10155,divinamojica,Fri  01 Mar 2013 21:49:12 +0000,Twitter for iPhone,0,Damn you android for not having flash player! #tabletproblems,169,10687,1,169,iOS,Android
10162,VerbalSpacey,Fri  01 Mar 2013 21:50:29 +0000,Twitter for iPhone,0,You can tell who uses an Android device by the amount of typos in their tweets and texts.,497,28594,16,462,iOS,Android
10163,dhatbtch_23,Fri  01 Mar 2013 21:51:17 +0000,Twitter for iPhone,0,Trappin Off My Android.,389,6708,1,385,iOS,Android
10170,CanadianMamma,Fri  01 Mar 2013 21:52:18 +0000,Twitter for iPhone,0,Real friends don't send emojis to android friends. #BeKind #UseEmoticons,416,2724,1,324,iOS,Android
10182,mauropm,Fri  01 Mar 2013 21:54:44 +0000,Twitter for iPhone,0,@Saucerdk @learningti whats the content of the android section of your tiapp.xml?,3096,119744,170,393,iOS,Android
10189,NiggasHatee,Fri  01 Mar 2013 21:57:04 +0000,Twitter for iPhone,0,"Look folks  my nigga got that ????&lt;- that's fire for android users lol. ?€?@Colby_Cash: @NiggasHatee new shit bra 


http://t.co/yy5r16SpRo?€?",521,31115,1,374,iOS,Android
10197,Mimi_Kay_,Fri  01 Mar 2013 21:58:06 +0000,Twitter for iPhone,0,I remember Kaytlyn's old android lol,308,17690,0,209,iOS,Android
10202,_kaytlynee,Fri  01 Mar 2013 21:59:17 +0000,Twitter for iPhone,0,it was shitttttyyy ?€?@Mimi_Kay_: I remember Kaytlyn's old android lol?€?,339,9135,0,173,iOS,Android
10217,STayEVEN,Fri  01 Mar 2013 22:01:57 +0000,Twitter for iPhone,0,Hopping on that android life soon! #fuckberry's,278,1947,0,60,iOS,Android
10218,YOUNECK_iCURVE,Fri  01 Mar 2013 22:02:04 +0000,Twitter for iPhone,0,Lmaoo negga got his mom income tax now he gotta android n used jordans lmaoo... I see u G ???,390,4416,0,262,iOS,Android
10228,GossipBoyz,Fri  01 Mar 2013 22:03:25 +0000,Twitter for iPhone,0,?€?@LaughorYawn: Your tweeting VIA ANDROID doesn't mean your IQ is higher than someone that tweets via NOKIA?€?,1894,12766,3,876,iOS,Android
10229,trejkaz,Fri  01 Mar 2013 22:03:40 +0000,Twitter for iPhone,0,Android rendering issues seem like they have a practical benefit.,246,4168,11,76,iOS,Android
10230,Stevedpearce,Fri  01 Mar 2013 22:03:44 +0000,Twitter for iPhone,0,@TheInstowArms Many thanks for the follow u can download a free apple or android app via http://t.co/Dma2QNPPow  Cheers Steve,143,256,3,196,iOS,Android
10235,Stevedpearce,Fri  01 Mar 2013 22:04:19 +0000,Twitter for iPhone,0,@LynBarefoot Many thanks for the follow u can download a free apple or android app via http://t.co/Dma2QNPPow  Cheers Steve,143,257,3,196,iOS,Android
10238,Stevedpearce,Fri  01 Mar 2013 22:04:49 +0000,Twitter for iPhone,0,@BudeWindows Many thanks for the follow u can download a free apple or android app via http://t.co/Dma2QNPPow  Cheers Steve,143,258,3,196,iOS,Android
10240,llanascarmen,Fri  01 Mar 2013 22:05:09 +0000,Twitter for iPhone,0,@33Marifer you're new to the touch screen/android category,479,15953,0,193,iOS,Android
10250,Al_Kaeda,Fri  01 Mar 2013 22:06:13 +0000,Twitter for iPhone,0,I'd buy an android phone just for the Jellybean keyboard. It's beautiful  that's what it is.,234,20609,4,247,iOS,Android
10273,jguzikowski,Fri  01 Mar 2013 22:11:18 +0000,Twitter for iPhone,0,@kevintheclever excuse me? Snood STILL is a thing..apparently they're on Android now (subject of the newsletter),104,3411,3,129,iOS,Android
10286,SLR_Sid,Fri  01 Mar 2013 22:13:15 +0000,Twitter for iPhone,0,i want a android again !,426,7085,0,393,iOS,Android
10295,MakeItHaeske,Fri  01 Mar 2013 22:14:12 +0000,Twitter for iPhone,0,"Android autocorrect doesn't know ""sorority""  further proving that they are the GDIs of the phone world",148,629,0,117,iOS,Android
10296,baddaxsjsb,Fri  01 Mar 2013 22:14:18 +0000,Twitter for iPhone,0,?€?@100stackzSAMboe: I hate when yall use emojis ...i have an android so they jus appear as boxes?€? ????????,815,14155,4,558,iOS,Android
10297,DanandPhiladict,Fri  01 Mar 2013 22:14:21 +0000,Twitter for iPhone,0,@ElizaDanosaur1 well actually kindles are run on android lol,462,4970,0,144,iOS,Android
10308,TiffyNicole15,Fri  01 Mar 2013 22:15:57 +0000,Twitter for iPhone,0,just re downloaded foursquare on my phone and I hadn't used it since I had my android back in December ????,828,30339,8,591,iOS,Android
10310,Iam_Trippz,Fri  01 Mar 2013 22:15:59 +0000,Twitter for iPhone,0,k ?€?@freeMEjwor: I want Android Smiley's too :(?€?,790,33121,0,787,iOS,Android
10321,HAILEESCHMITZ,Fri  01 Mar 2013 22:18:33 +0000,Twitter for iPhone,0,If I'm a retarded android  does that make me a black berry??,6,30,0,23,iOS,Android
10322,apokaloptimist,Fri  01 Mar 2013 22:18:37 +0000,Twitter for iPhone,0,@ExpectLulz i thought I was the only person on earth that hated Samsung android devices,1418,24139,38,2003,iOS,Android
10325,catfyson,Fri  01 Mar 2013 22:19:40 +0000,Twitter for iPhone,0,@xtiffyxx i was put off of android after suffering with a htc phone!,313,4026,8,405,iOS,Android
10338,ellefontt,Fri  01 Mar 2013 22:21:40 +0000,Twitter for iPhone,0,Never trust a bitch with an android! ???? @laurenstutes,339,12904,1,437,iOS,Android
10351,sandy_harkho,Fri  01 Mar 2013 22:24:50 +0000,Twitter for iPhone,0,@Jeffrey_Barrrrr fuck yoo android' can't see me bitchhhh????????????,203,4106,0,183,iOS,Android
10384,morgenisme,Fri  01 Mar 2013 22:29:55 +0000,Twitter for iPhone,0,@nataliecraving yeah android sucks haha,118,8062,1,111,iOS,Android
10391,magnisbane,Fri  01 Mar 2013 22:30:43 +0000,Twitter for iPhone,0,@imagin3drag0ns ooh you have an android? AWW :((((,862,14076,1,152,iOS,Android
10406,just1nbruce,Fri  01 Mar 2013 22:32:42 +0000,Twitter for iPhone,0,.@ikersaldivar just told that the Android version of the new WKRN weather app is on the way in a week or so.,3080,11743,160,1165,iOS,Android
10411,catfyson,Fri  01 Mar 2013 22:33:01 +0000,Twitter for iPhone,0,@xtiffyxx my boyfriends mum has the galaxy tab which is good but i've been put off android! #applesbitch,313,4031,8,405,iOS,Android
10420,BrenenDre,Fri  01 Mar 2013 22:35:02 +0000,Twitter for iPhone,0,@LyonsJade android about to come my way lol,487,20537,0,263,iOS,Android
10422,IDance_SheWatch,Fri  01 Mar 2013 22:35:56 +0000,Twitter for iPhone,0,I want an android phone,873,30465,1,474,iOS,Android
10423,adamwrobinson,Fri  01 Mar 2013 22:36:14 +0000,Twitter for iPhone,0,@DYMongoose he attacked customers of smartphones which are flat featureless devices. Apple &amp; others too. A big part of which use Android.,366,10002,9,186,iOS,Android
10428,_LiyyahDee,Fri  01 Mar 2013 22:38:06 +0000,Twitter for iPhone,0,When my echofon app starts tripping I switch to twitter for android,1230,46717,5,943,iOS,Android
10429,Not_That_Heroic,Fri  01 Mar 2013 22:38:08 +0000,Twitter for iPhone,0,I don't think I'll ever go back to the android life by choice.,832,18877,2,507,iOS,Android
10446,Sincipient820,Fri  01 Mar 2013 22:42:04 +0000,Twitter for iPhone,0,The SQUATCHBOX is a must have app for every #squatcher or #bigfoot hunter out there...FREE on #Android,892,192,2,1350,iOS,Android
10450,_Left_Eye,Fri  01 Mar 2013 22:43:18 +0000,Twitter for iPhone,0,I had to fuckin leave work cause of @TrapGirl__Mimi for saying that this worker said an android is NOT a smart phone ????????????????????,1120,51392,3,1065,iOS,Android
10467,MadisonCrisler,Fri  01 Mar 2013 22:47:34 +0000,Twitter for iPhone,0,I miss my android ... I liked that so much better at times,51,1214,0,65,iOS,Android
10469,ThatTaylorMonet,Fri  01 Mar 2013 22:47:54 +0000,Twitter for iPhone,0,Couldn't answer my phone was completely dead android said swipe denied #HA,501,24639,2,488,iOS,Android
10475,Toeda57,Fri  01 Mar 2013 22:49:11 +0000,Twitter for iPhone,0,And i still prefer Android. http://t.co/u0OPlLPbJT,9,150,1,1,iOS,Android
10486,SumzNadeem,Fri  01 Mar 2013 22:52:50 +0000,Twitter for iPhone,0,@javvieee it's a man. Get your facts right u android chicken nugget,36,1295,0,46,iOS,Android
10494,Paidinfull912,Fri  01 Mar 2013 22:54:20 +0000,Twitter for iPhone,0,@hey_MoeMoe lol yeah mane..I had an affair with android,361,11755,3,329,iOS,Android
10495,yocline,Fri  01 Mar 2013 22:54:46 +0000,Twitter for iPhone,0,Like other old folks I'm just going to blame technology  specifically Android cc/ @JJSIII,2369,10515,111,984,iOS,Android
10501,wnwnews,Fri  01 Mar 2013 22:55:47 +0000,Twitter for iPhone,0,1024 #DirtSheet #Android installs!  See why all the hype https://t.co/DQ4uUfel1Y,13010,21176,214,8,iOS,Android
10503,YunngNatnFree,Fri  01 Mar 2013 22:56:28 +0000,Twitter for iPhone,0,@dizzleduchess wordd !! mi nigga jus switch to Android or some :),601,18752,0,527,iOS,Android
10506,SariKreines,Fri  01 Mar 2013 22:58:02 +0000,Twitter for iPhone,0,?€?@timschwarz: just finished a runtastic run of 5.26 mi in 55m 14s with #runtastic PRO Android App: http://t.co/m5NccSrcsJ?€? awe yea #athletic,101,336,0,194,iOS,Android
10514,DB_FromRockwell,Fri  01 Mar 2013 22:59:07 +0000,Twitter for iPhone,0,And a android nigga,3873,13192,0,1179,iOS,Android
10525,AmineSeventy3,Fri  01 Mar 2013 23:01:40 +0000,Twitter for iPhone,0,I think we should take Google+ seriously as it is growing beside Twitter so that means Android too which means lots http://t.co/gVEdqBm9ez,11,575,0,108,iOS,Android
10538,UhitsLeeexo,Fri  01 Mar 2013 23:04:28 +0000,Twitter for iPhone,0,Sending emojis to an android user just to annoy them ????,1111,23795,6,1723,iOS,Android
10543,CamrynLaBoo,Fri  01 Mar 2013 23:05:32 +0000,Twitter for iPhone,0,But I'd prefer the android????,215,8326,0,213,iOS,Android
10565,Tago_the_Guez,Fri  01 Mar 2013 23:11:16 +0000,Twitter for iPhone,0,Your team Android...,340,20326,2,219,iOS,Android
10581,LadyEhilton,Fri  01 Mar 2013 23:15:34 +0000,Twitter for iPhone,0,?€?@Tru_ShesA_Bomb: I know ericka ain't just try play wit me wit no emojis?€?you Kno I did member u play with my old Android lls,391,15805,0,385,iOS,Android
10586,MauryRell_,Fri  01 Mar 2013 23:16:26 +0000,Twitter for iPhone,0,@CashDADDY_ oh thats the blow a bunch of useless android chargers smh,245,5364,1,243,iOS,Android
10590,HiRezAPC,Fri  01 Mar 2013 23:17:51 +0000,Twitter for iPhone,0,@peterloorke i gotta get someone with an android phone to see this baby in action. Well done though. Will share with others :),492,1746,9,97,iOS,Android
10593,CamrynLaBoo,Fri  01 Mar 2013 23:18:01 +0000,Twitter for iPhone,0,Considering the android doesn't work????,215,8328,0,213,iOS,Android
10595,BenedictEvans,Fri  01 Mar 2013 23:18:10 +0000,Twitter for iPhone,0,@charlesarthur @steveliput Acer was building a custom platform on top of Android. It was fragmenting it. That Moto phone doesn't do that,5986,25167,317,612,iOS,Android
10609,BenedictEvans,Fri  01 Mar 2013 23:21:52 +0000,Twitter for iPhone,0,The future of 'search' isn't a text box on a web page: it's deep device integration. That's why Android fragmentation is a problem.,5986,25168,317,612,iOS,Android
10613,BenedictEvans,Fri  01 Mar 2013 23:23:46 +0000,Twitter for iPhone,0,@davidchow I believe Samsung Android devices in China come without Google Play: https://t.co/9pW611unzA,5986,25169,317,612,iOS,Android
10616,dylanbarrell,Fri  01 Mar 2013 23:24:41 +0000,Twitter for iPhone,0,Standing room only for @pauljadam's Android #a11y presentation #csun13 http://t.co/eaoeEPGKVg,160,940,7,107,iOS,Android
10620,_BEasyDude,Fri  01 Mar 2013 23:25:34 +0000,Twitter for iPhone,0,?€?@fatBOOTY_: if this android man doesn't stop parchutin' down my screen?€? lmfao,453,53965,1,439,iOS,Android
10628,kayjayy90,Fri  01 Mar 2013 23:26:50 +0000,Twitter for iPhone,0,Bac to android I'm about to go...,220,1799,0,226,iOS,Android
10634,iamlemonfilm,Fri  01 Mar 2013 23:28:13 +0000,Twitter for iPhone,0,How to better use my Android system at home? Hmmm ...,17,481,0,48,iOS,Android
10635,mattack108,Fri  01 Mar 2013 23:28:55 +0000,Twitter for iPhone,0,5mins later and the Android OS system(tm) has crashed. And I was just updating the apps. You Google call it stable system...,26,415,1,46,iOS,Android
10647,LaurenGoode,Fri  01 Mar 2013 23:30:45 +0000,Twitter for iPhone,0,.@jack says he has high hopes for Android when @fredwilson asks about smartphone/tablet penetration (re: mobile payments) in emerging mkts,16460,11960,667,1034,iOS,Android
10649,AmineSeventy3,Fri  01 Mar 2013 23:31:09 +0000,Twitter for iPhone,0,Anything u want knw on android jynx box follow the unique tutorial how to put Xbmc &amp; navix our fellow @xctechs YouTube for more info,11,580,0,108,iOS,Android
10650,azfaznurfurrr,Fri  01 Mar 2013 23:31:10 +0000,Twitter for iPhone,0,@ina_loves26 too bad for android users. MUAHAHAHAHAHHA. ????????????????????????????????????,352,51112,0,323,iOS,Android
10651,mandyvan,Fri  01 Mar 2013 23:31:11 +0000,Twitter for iPhone,0,In the Android 4.2+ Accessibility session by @pauljadam @csun13,174,1703,5,274,iOS,Android
10668,OhhLizyBabyy,Fri  01 Mar 2013 23:35:15 +0000,Twitter for iPhone,0,@Edgar_92Till I didn't I had an android so iCloud wasn't there,140,3099,0,131,iOS,Android
10681,goodwitch,Fri  01 Mar 2013 23:38:17 +0000,Twitter for iPhone,0,SRO for @pauljadam session on  Talkback &amp; Magnification #a11y in Android. 4.2+ #CSUN13,2058,6791,218,480,iOS,Android
10687,inee_27,Fri  01 Mar 2013 23:40:10 +0000,Twitter for iPhone,0,@KingJaikope uhm .. BOOO you &amp;&amp; your android!! ha jk!,196,4781,0,200,iOS,Android
12744,kurnia08lusy,Fri  01 Mar 2013 23:31:29 +0000,UberSocial Pro for iPhone,0,BB off android on...,195,14702,1,394,iOS,Android
12757,DanielRomeo,Fri  01 Mar 2013 19:04:34 +0000,VEVO iPhone,0,I'm watching Right Here (Lyric Video) by Justin Bieber ft. Drake on @VEVO for Android. http://t.co/JbdPdbiwbs,222,4415,0,197,iOS,Android
12758,AnitaMorlock,Fri  01 Mar 2013 19:55:45 +0000,VEVO iPhone,0,I'm watching The Best Day by Taylor Swift on @VEVO for Android. http://t.co/uleRHLwjrd,8,271,0,75,iOS,Android
12759,AnitaMorlock,Fri  01 Mar 2013 19:57:39 +0000,VEVO iPhone,0,Khloe is one lucky little girl I'm watching The Best Day by Taylor Swift on @VEVO for Android. http://t.co/uleRHLwjrd,8,272,0,75,iOS,Android
12760,rulasrulito,Fri  01 Mar 2013 20:01:46 +0000,VEVO iPhone,0,I'm watching Outside by George Michael on @VEVO for Android. http://t.co/uI6qqdIyuw,8,121,0,16,iOS,Android
12761,WutsCrackinAZ,Fri  01 Mar 2013 20:03:09 +0000,VEVO iPhone,0,I'm watching On My Block by Scarface on @VEVO for Android. http://t.co/HxnFJ512rS,1474,43025,27,2008,iOS,Android
12762,rulasrulito,Fri  01 Mar 2013 20:03:18 +0000,VEVO iPhone,0,I'm watching I'm Gonna Getcha Good! (Red Picture Version) by Shania Twain on @VEVO for Android. http://t.co/s9I4etEngD,8,122,0,16,iOS,Android
12763,Dommecca22,Fri  01 Mar 2013 20:35:33 +0000,VEVO iPhone,0,I'm watching Diced Pineapples (Explicit) by Rick Ross ft. Wale &amp; Drake on @VEVO for Android. http://t.co/68vmJef0iF,51,2252,0,280,iOS,Android
12764,Dommecca22,Fri  01 Mar 2013 20:37:00 +0000,VEVO iPhone,0,I'm watching Headlines (Explicit) by Drake on @VEVO for Android. http://t.co/SLLsQlLMtQ,51,2253,0,280,iOS,Android
12765,andrelemos100,Fri  01 Mar 2013 20:37:49 +0000,VEVO iPhone,0,I'm watching The One That Got Away by Katy Perry on @VEVO for Android. http://t.co/ywN7qFJcMt,33,1219,0,223,iOS,Android
12766,anva6606,Fri  01 Mar 2013 21:13:55 +0000,VEVO iPhone,0,I'm watching Algo Me Gusta De Ti (Lyric Video) by Wisin &amp; Yandel ft. T-Pain &amp; Chris Brown on @VEVO for Android. http://t.co/6o51apceav,6,202,2,29,iOS,Android
12767,terrymayz,Fri  01 Mar 2013 21:43:49 +0000,VEVO iPhone,0,I'm watching Hey Porsche by Nelly on @VEVO for Android. http://t.co/gqPELUNcq6,104,953,1,308,iOS,Android
12768,PornKeuth,Fri  01 Mar 2013 21:45:35 +0000,VEVO iPhone,0,I'm watching Carried Away by Passion Pit on @VEVO for Android. http://t.co/FQXXvseVOq,75,704,1,81,iOS,Android
12769,TYCloser,Fri  01 Mar 2013 22:17:37 +0000,VEVO iPhone,0,I'm watching Major Distribution (Explicit) by 50 Cent ft. Young Jeezy &amp; Snoop Dogg on @VEVO for Android. http://t.co/Xx6m8ZIFo2,28,880,0,76,iOS,Android
12770,theelmsctl2,Fri  01 Mar 2013 22:29:23 +0000,VEVO iPhone,0,I'm watching Next To Me by Emeli Sand?? on @VEVO for Android. http://t.co/1BhsQrlIKD,96,252,0,365,iOS,Android
12771,VevollcSf,Fri  01 Mar 2013 22:59:06 +0000,VEVO iPhone,0,I'm watching Right Side of the Bed by Atreyu on @VEVO for Android. http://t.co/L91gYgYBUf,0,10,0,1,iOS,Android
12772,god_dea,Fri  01 Mar 2013 23:15:33 +0000,VEVO iPhone,0,I'm watching One Way Or Another (Teenage Kicks) by One Direction on @VEVO for Android. http://t.co/D2X5U9tyTC,0,22,0,1,iOS,Android
12773,ddmothe,Fri  01 Mar 2013 23:18:52 +0000,VEVO iPhone,0,I'm watching Heart Attack (Official Lyric Video) by Demi Lovato on @VEVO for Android. http://t.co/qKrEavXIXs,6,17,0,37,iOS,Android
12774,god_dea,Fri  01 Mar 2013 23:22:30 +0000,VEVO iPhone,0,I'm watching The Ship Song by Nick Cave &amp; The Bad Seeds on @VEVO for Android. http://t.co/wuyQwt7WXL,0,23,0,1,iOS,Android
12775,Miartinah,Fri  01 Mar 2013 23:22:55 +0000,VEVO iPhone,0,One Way Or Another (Teenage Kicks) by One Direction on @VEVO for Android. http://t.co/HLJffmxhVp come farti tornare il sorriso :'),117,2255,0,204,iOS,Android
12776,Entrt8nmtlove,Fri  01 Mar 2013 23:38:16 +0000,VEVO iPhone,0,I'm watching Skyscraper by Demi Lovato on @VEVO for Android. http://t.co/9Gyk5SgAL6,187,783,0,1115,iOS,Android
14852,compare_tablets,Fri  01 Mar 2013 18:56:14 +0000,Zite Personalized Magazine,0,Amazon Android tablet app comes to the UK http://t.co/Rc2pffLOne,199,1522,12,1008,iOS,Android
14858,moniquekromhout,Fri  01 Mar 2013 21:41:08 +0000,Zite Personalized Magazine,0,Android 4.2.2 AOSP code push now complete http://t.co/xGewJHXYko,163,5959,3,169,iOS,Android
15161,Geuka,Fri  01 Mar 2013 22:03:26 +0000,Business Insider on iOS,0,One Of Apple's Most Important Early Execs Is Now Helping Google With Android http://t.co/D6vvmVniSe via Business Insider,122,1037,2,425,iOS,Android
15163,raincrowgames,Fri  01 Mar 2013 19:25:46 +0000,Camera on iOS,0,Clan Fangtastic threw an Initiation Party today adding 819 victims! http://t.co/KWdOVhpQHo #Gaming #Android http://t.co/g7tL9AByUJ,1315,833,7,2000,iOS,Android
16082,Carol_Joann,Fri  01 Mar 2013 18:47:32 +0000,eBay on iOS,0,#FreeShipping #NEW #OtterBox #Defender Series #Belt #Clip #Holster for #HTC #Inspire #Android  (Black): http://t.co/ly76cJs03p #ebaymobile,382,2374,4,2001,iOS,Android
17883,Gaby_arrr,Fri  01 Mar 2013 19:32:24 +0000,iOS,0,Who's good with android phones and is tryna help me out real quick?,1144,19066,0,984,iOS,Android
17953,_iaaan,Fri  01 Mar 2013 22:02:18 +0000,iOS,0,*hears android ringtone* *pukes*,102,3571,0,68,iOS,Android
17975,Ali__Nikole,Fri  01 Mar 2013 22:34:45 +0000,iOS,0,my grandpa got a tablet &amp; an android he's so hip,108,8561,0,266,iOS,Android
17997,LillyMacSaidIt,Fri  01 Mar 2013 23:22:23 +0000,iOS,0,How do u change tha font on an android? I see ppl wit other fonts and no tha factory norm. Hep me out plzz!!,1030,23025,0,930,iOS,Android
18002,ColorMeFly,Fri  01 Mar 2013 23:32:11 +0000,iOS,0,"I call this extra android phone I have my ""iPad"" cause it's so damn big lol.",1281,56337,14,573,iOS,Android
18540,mobevegas,Fri  01 Mar 2013 21:50:30 +0000,Osfoora for iOS,0,What's your Lucky Number? Try our New Roulette on your mobile! WIN CASH NOW!! http://t.co/TA4JQo6B #mobile #android #Roulette #Games #casino,461,870,13,428,iOS,Android
18772,ianabalos99,Fri  01 Mar 2013 17:23:29 +0000,Photos on iOS,0,The good thing about SAMSUNG Grand (Android OS) is.. |@gjaninedxd | http://t.co/Ylkseonl5D,112,988,0,98,iOS,Android
18786,thomaskee13,Fri  01 Mar 2013 22:45:38 +0000,Photos on iOS,0,Hack  hack :) - Custom ROM on my Android Samsung Phone :) http://t.co/DQy9tpJIUI,200,12479,6,123,iOS,Android
19213,Sensespoison,Fri  01 Mar 2013 23:34:26 +0000,Reeder on iOS,0,Japanese agency warns of information-stealing Android porn app http://t.co/utIwdDc4Ma,1697,53873,61,260,iOS,Android
19291,TudorJuravlea,Fri  01 Mar 2013 19:51:03 +0000,Safari on iOS,0,GDG summoning Android developers in Bucharest http://t.co/0gDTaY14PR,526,762,18,1231,iOS,Android
19293,paolomassa,Fri  01 Mar 2013 23:01:49 +0000,Safari on iOS,0,The First ?€?E-Ink Android Smartphone?€? Unveiled  Offers 4 Weeks Battery-Life http://t.co/26DCpA3MYv,251,4287,8,192,iOS,Android
19376,CameronDigital,Fri  01 Mar 2013 22:04:22 +0000,SkyGrid on iOS,0,"The New York Times Expands Flipboard Apps To Android &amp; Kindle Fire
http://t.co/DaraFeSwDa",1136,6667,12,2000,iOS,Android
19593,Mariorq14,Fri  01 Mar 2013 20:57:35 +0000,TechCrunch on iOS,0,Sony Xperia C670X Specs Leak  Suggesting A New Android Flagship To Take On The HTC One  @TechCrunch http://t.co/7oa9LQyLGx,315,18496,3,701,iOS,Android
20479,Dexwell_,Fri  01 Mar 2013 23:17:36 +0000,Tweebie for iPhone,0,@Will3942 Android is lame,560,32689,30,787,iOS,Android
20957,neapel,Fri  01 Mar 2013 19:06:37 +0000,Tweetbot for iOS,0,on that note  let?€?s check in with the Android crowd *opens hatch*,251,16951,13,335,iOS,Android
20972,jetsetsonic,Fri  01 Mar 2013 19:36:03 +0000,Tweetbot for iOS,0,Also trying to understand how RR3 looks better on my 4S than my Nexus 7. Oh  that?€?s right  cause big devs don?€?t give two shits about Android,27,1337,0,75,iOS,Android
20974,jayeshb,Fri  01 Mar 2013 19:37:11 +0000,Tweetbot for iOS,0,"@weemundo @Harry_Jerry Mundo don?€?t make hipster emotes. :(

I miss emojis on android. That?€?s all btw. Everything else is pretty good.",414,45805,6,123,iOS,Android
20988,jason_madsen,Fri  01 Mar 2013 19:59:48 +0000,Tweetbot for iOS,0,Found an android tablet on a bench. Found owners email. Sent email. Any other ideas on how to contact them? http://t.co/JaVYJcoF5R,403,1098,20,322,iOS,Android
21002,chaensel,Fri  01 Mar 2013 20:16:38 +0000,Tweetbot for iOS,0,Honestly  the HTC One X feels cheap  and Android is  in my opinion  for kids. Anybody wants to trade his Lumia for my HTC One X? :P #asif,248,12913,10,53,iOS,Android
21011,ricopenguin,Fri  01 Mar 2013 20:26:25 +0000,Tweetbot for iOS,0,@PrivateFC You are too nice so don't don't worry. I have planted an explosive surprise in her Android gingerbread sandwich #kAbLaMmO xD,79,718,1,83,iOS,Android
21014,mattrosno,Fri  01 Mar 2013 20:35:11 +0000,Tweetbot for iOS,0,Didn?€?t know how emoji-dependent I was until texting an android user. HOW DO I EXPRESS MYSELF?,225,1221,8,173,iOS,Android
21034,shawncase,Fri  01 Mar 2013 20:58:53 +0000,Tweetbot for iOS,0,Asana launches Android App! | Best project management software I've used! http://t.co/9Ca6gTjvs5,407,2443,6,485,iOS,Android
21039,gerrit77,Fri  01 Mar 2013 21:05:33 +0000,Tweetbot for iOS,0,I don?€?t need fliers from a cremation service. I need a service that promises to put my brain into an android body so I can live forever.,57,1344,2,177,iOS,Android
21050,Heinrich0711,Fri  01 Mar 2013 21:19:27 +0000,Tweetbot for iOS,0,@pierrefitch I love Android OS but worried about battery life &amp; long term durability,62,2982,0,255,iOS,Android
21051,Heinrich0711,Fri  01 Mar 2013 21:19:27 +0000,Tweetbot for iOS,0,@pierrefitch I love Android OS but worried about battery life &amp; long term durability,62,2981,0,255,iOS,Android
21053,DeanAJMaiden,Fri  01 Mar 2013 21:20:28 +0000,Tweetbot for iOS,0,@RobinSchrijvers have you tried 8tracks yet. It works on android and on the Internet.,262,9200,0,300,iOS,Android
21058,AtomicPlayb0y,Fri  01 Mar 2013 21:32:11 +0000,Tweetbot for iOS,0,@DylanReeve @nzben @freitasm @billbennettnz RIM and android may as well be dead to business.,226,8076,8,527,iOS,Android
21066,TwiPony,Fri  01 Mar 2013 21:45:37 +0000,Tweetbot for iOS,0,@vanillaooc android?,993,20815,12,129,iOS,Android
21086,nachimir,Fri  01 Mar 2013 22:23:43 +0000,Tweetbot for iOS,0,@missdoda @Pyroka: @rossaluss sailed up to 27s on first go at hyper hexagonest on my ithing  after switching from android.,1234,14709,78,496,iOS,Android
21101,TheRealBigMark,Fri  01 Mar 2013 22:57:13 +0000,Tweetbot for iOS,0,S4 gone have Android 4.3 and S3 gone be stuck on 4.1 lmaoooooo,118,11057,3,154,iOS,Android
21102,TheRealBigMark,Fri  01 Mar 2013 22:58:35 +0000,Tweetbot for iOS,0,Best manufacturer of Android phones based off  OS upgrade support is HTC,118,11058,3,154,iOS,Android
21108,emslj,Fri  01 Mar 2013 23:06:41 +0000,Tweetbot for iOS,0,@ollyk81 Congratulations  that has joined @lottiens?€? cow battery life indicator as the only things to ever make me wish I had an Android.,800,50237,32,312,iOS,Android
21116,SpeckK,Fri  01 Mar 2013 23:16:47 +0000,Tweetbot for iOS,0,@elforesto @fruhwirth I pay ~$25 a month for an Android phone as long as I don't use much data https://t.co/QwLWBKKvrZ,202,6549,15,192,iOS,Android
21123,OohCrystal,Fri  01 Mar 2013 23:20:23 +0000,Tweetbot for iOS,0,@SincerelyDavis I hate the android operating software so mehhhhhh,712,73600,57,396,iOS,Android
21131,SessionBlogger,Fri  01 Mar 2013 23:33:45 +0000,Tweetbot for iOS,0,@bomaya Great choices. My Top 3 would have been 1. Paranoid Android  2. Let Down  3. Reckoner.,343,2279,7,535,iOS,Android
21295,ouijella,Fri  01 Mar 2013 20:35:15 +0000,TweetCaster for iOS,0,I need an android tablet!,78,1316,2,169,iOS,Android
21298,DistrictGalaxxy,Fri  01 Mar 2013 22:00:00 +0000,TweetCaster for iOS,0,@BassHeadMiguel shush up. Speaking that nonsense! Possessed by the android demons &amp; shit. Ahah,2504,35732,4,213,iOS,Android
21299,JasinIsTrouble,Fri  01 Mar 2013 22:16:10 +0000,TweetCaster for iOS,0,Lol not for another 2 yrs grl RT @INYRMOUTH87: @JasinIsTrouble girl come back to android,288,21869,10,301,iOS,Android
21300,LouDaddie_RDC,Fri  01 Mar 2013 22:21:52 +0000,TweetCaster for iOS,0,@leila_mob lmaoo I was playin that shit is long gone... It was back in my Android days,1374,59097,9,996,iOS,Android
21301,LouDaddie_RDC,Fri  01 Mar 2013 22:24:40 +0000,TweetCaster for iOS,0,@leila_mob it means that my android phone saved it.. Like I said its in a dumpster somewhere gurl your body ain't that vicious,1374,59100,9,996,iOS,Android
21302,ReadEm_ndWeep,Fri  01 Mar 2013 22:51:05 +0000,TweetCaster for iOS,0,Sorry android users all my tweets gonna have and emoji from now on #Team????,346,27877,3,303,iOS,Android
21304,MaddDoggMiller,Fri  01 Mar 2013 23:29:18 +0000,TweetCaster for iOS,0,@LateCold the android version is coming out soon. It's totally worth the download.,286,6263,0,284,iOS,Android
21648,Brol1kTheGreat,Fri  01 Mar 2013 22:39:00 +0000,Tweetings for  iPhone,0,@MrViZZiATO is it dropping for AT&amp;T? I'm actually looking for an android phone nexus or htc one X to toy with.,213,48579,3,158,iOS,Android
21649,codedit,Fri  01 Mar 2013 22:54:03 +0000,Tweetings for  iPhone,0,@DojiSaber I don't know  I'm not an android developer... Ask on an android development forum.,1181,15473,30,202,iOS,Android
21656,CashDADDY_,Fri  01 Mar 2013 23:20:14 +0000,TweetList!,0,@MauryRell_ I know ! Niggas wanna be on that bumass  android flow,312,43976,3,332,iOS,Android
24049,emreaksoyGS,Fri  01 Mar 2013 19:09:47 +0000,Twitter for iPad,0,@zekikayahan Android,186,1537,0,254,iOS,Android
24068,justicejr,Fri  01 Mar 2013 19:30:15 +0000,Twitter for iPad,0,@wacom's new tablet device will run Android. Just guessing.,522,7611,36,1540,iOS,Android
24092,shadow3vil,Fri  01 Mar 2013 20:24:03 +0000,Twitter for iPad,0,Android is better than apple just because Android can watch Flash videos. Okay because Flash makes it all better. :P http://t.co/iuwmyeiRnx,3,206,0,35,iOS,Android
24102,Ryanlight29,Fri  01 Mar 2013 20:36:57 +0000,Twitter for iPad,0,"@9to5Google Another day  another ""me too"" Android tablet. *Yawn*. Can't imagine it would sell really well.",20,288,0,171,iOS,Android
24104,android_no,Fri  01 Mar 2013 20:40:04 +0000,Twitter for iPad,0,"Android tiene mucho LAG
http://t.co/ZWZ3Nb801e",1111,6833,23,1996,iOS,Android
24105,Mariaaax_x,Fri  01 Mar 2013 20:41:20 +0000,Twitter for iPad,0,Touch pal keyboard on android is similar to swift key  but swift key is better.,583,3769,0,252,iOS,Android
24127,razer_i7,Fri  01 Mar 2013 21:11:10 +0000,Twitter for iPad,0,@NerdyFTW @nickba lol android doesn't have it any more either,887,146075,8,529,iOS,Android
24134,DjNezzyNezz,Fri  01 Mar 2013 21:18:44 +0000,Twitter for iPad,0,@android_andy bitch just text me. #chchbang,178,7694,0,157,iOS,Android
24143,gadamak,Fri  01 Mar 2013 21:39:43 +0000,Twitter for iPad,0,The HP Slate 7 tablet with Android OS is a fully featured tablet that brings your world down to size.,242,1874,4,624,iOS,Android
24144,codfather,Fri  01 Mar 2013 21:40:06 +0000,Twitter for iPad,0,Have to say after several weeks playing with Android 4.2   the Android devs have really nailed this OS. Fast  Usable and intuitive 10/10,1750,6725,37,1848,iOS,Android
24152,mbrkbichi,Fri  01 Mar 2013 21:44:38 +0000,Twitter for iPad,0,?€?@LaughorYawn: Your tweeting VIA ANDROID doesn't mean your IQ is higher than someone that tweets via NOKIA?€? haha,210,10521,0,223,iOS,Android
24157,Aysha_muah,Fri  01 Mar 2013 21:50:05 +0000,Twitter for iPad,0,?€?@tHe_sMoOcHy: u r tweeting VIA ANDROID doesn't mean your IQ is higher than someone that tweets via NOKIA?€?,550,2932,2,229,iOS,Android
24158,Pietrosparks,Fri  01 Mar 2013 21:50:35 +0000,Twitter for iPad,0,K ?€?@fr3sh_ish: Your tweeting VIA ANDROID doesn't mean your IQ is higher than someone that tweets via NOKIA?€?,246,14235,0,163,iOS,Android
24161,tjsynkral,Fri  01 Mar 2013 21:59:19 +0000,Twitter for iPad,0,@DraakSwifttail That's an Android problem. Any keyboard that doesn't have it is violating the Android IME requirements.,357,7902,7,399,iOS,Android
24168,blomgren23,Fri  01 Mar 2013 22:10:19 +0000,Twitter for iPad,0,@droid_life: Final contest:  Win a Nexus 10 16GB from Droid Life! http://t.co/21ovoUTWrN #android,26,545,0,89,iOS,Android
24178,springrose12,Fri  01 Mar 2013 22:16:15 +0000,Twitter for iPad,0,@Mruff221 But you are the most perfect android I've ever met. Technology is really improving:),875,24653,26,680,iOS,Android
24182,perossmeisl,Fri  01 Mar 2013 22:24:08 +0000,Twitter for iPad,0,"?€?@pyle_sandy: Now It's Their Turn to Tighten Belts  http://t.co/aEjJW45JGb - Sent via the FOX News Android

AMEN!!! http://t.co/t0AeMhDs1y",504,2291,3,653,iOS,Android
24185,AyoAshezSays,Fri  01 Mar 2013 22:27:45 +0000,Twitter for iPad,0,Went burger king yesterday for the first time ! Wid dawn .. We saw dutty android ... I wont even comment on the food i had :/,373,31094,2,373,iOS,Android
24199,ZedKunda,Fri  01 Mar 2013 22:58:26 +0000,Twitter for iPad,0,The more I research the more I want an #XperiaZ it is stunning #android perfection,42,440,0,146,iOS,Android
24200,Abuwalid9999,Fri  01 Mar 2013 23:00:27 +0000,Twitter for iPad,0,"???????????? ?????????????? 
I recommend you to use Salatuk v 1.3.4. 
Visit the links from your android phone. 
Salatuk v 1.3.4 {{http://t.co/ymDGSXx4qP",1012,22800,3,1268,iOS,Android
24204,CentsNoCash,Fri  01 Mar 2013 23:09:21 +0000,Twitter for iPad,0,I don't think I want another android,324,21241,1,218,iOS,Android
24207,LittlePrinceB,Fri  01 Mar 2013 23:13:44 +0000,Twitter for iPad,0,?€?@I_am_a_Leo: Sorry all my android froze :((?€?  put him in the microwave!!#defrost,793,21076,8,1015,iOS,Android
24212,TweetinLegend_,Fri  01 Mar 2013 23:20:27 +0000,Twitter for iPad,0,?€?@RuckaRuckaAli: Romney would have known the difference between Star Trek and Star Wars... he's actually half android himself.?€?,731,25640,1,886,iOS,Android
24223,___aNs,Fri  01 Mar 2013 18:39:58 +0000,Twitter for iPhone,0,@High_On_Android I'm thinking hot and spicy chicken!,2026,44990,2,1691,iOS,Android
24253,TripScanners,Fri  01 Mar 2013 18:47:44 +0000,Twitter for iPhone,0,Have you downloaded our FREE android app? Access over 2 million hotels worldwide. Save up to 80% now.  #tripscanners,440,83,1,1813,iOS,Android
24289,madrigalness408,Fri  01 Mar 2013 19:02:47 +0000,Twitter for iPhone,0,Hit my phone replace thank u apple for ur shitty phones again gotta switch to android,27,612,0,65,iOS,Android
24303,odlew11,Fri  01 Mar 2013 19:05:19 +0000,Twitter for iPhone,0,@officialJROCKG @jdotdenmark23 it's on my android I'm upload it to the CPU and try to from there,1062,38738,2,1061,iOS,Android
24336,MaticgotblapzWB,Fri  01 Mar 2013 19:11:36 +0000,Twitter for iPhone,0,?€?@DJBKnockin: Android sucks?€?fuck a Android da fuck is that,1094,72023,26,588,iOS,Android
24337,Dear_Romeo__,Fri  01 Mar 2013 19:11:39 +0000,Twitter for iPhone,0,Super gay RT@aliciahurlz: if you have an android you're gay,77,8696,0,67,iOS,Android
24343,TopFilmTip,Fri  01 Mar 2013 19:12:27 +0000,Twitter for iPhone,0,True story of how a robot led apocalypse was averted by a boy  his psychotic mum &amp; an Austrian android-TERMINATOR 2: JUDGEMENT DAY 2255 ITV2,3151,11608,38,239,iOS,Android
24358,nathanbinding,Fri  01 Mar 2013 19:15:36 +0000,Twitter for iPhone,0,@commonblob I can only speculate but maybe if you have and android home phone you could use it so it rings on there when you're at home?,59,1088,1,213,iOS,Android
24362,treaa_xoxo,Fri  01 Mar 2013 19:16:11 +0000,Twitter for iPhone,0,???? Kyron &amp; his stupid android ???? ugh,282,40229,1,288,iOS,Android
24366,MadVillainVick,Fri  01 Mar 2013 19:17:10 +0000,Twitter for iPhone,0,Fuck all you android dorks,72,2858,1,58,iOS,Android
24383,Potterhead1234,Fri  01 Mar 2013 19:20:07 +0000,Twitter for iPhone,0,@uSiriussss that's android for ya!,931,17337,8,699,iOS,Android
24400,michelle_jung,Fri  01 Mar 2013 19:23:57 +0000,Twitter for iPhone,0,@YSPWNS4E Stick with the Android unless you want a draining battery and to lose the ability to customize everything  haha.,435,19350,15,112,iOS,Android
24412,SAIW03,Fri  01 Mar 2013 19:25:53 +0000,Twitter for iPhone,0,Also read another SC Android app will be released next week. Great news as the current Android app  for lack of a better word-bites!,94,1431,0,73,iOS,Android
24422,tc271,Fri  01 Mar 2013 19:29:02 +0000,Twitter for iPhone,0,@WCOdevon Josh is that an android or apple app?,125,257,4,219,iOS,Android
24432,ArtMusicLife,Fri  01 Mar 2013 19:31:52 +0000,Twitter for iPhone,0,@Lancebowski Oh and the developer is very responsive.  An email might speed up the Android version.,524,14423,38,198,iOS,Android
24433,TheBlotSays,Fri  01 Mar 2013 19:32:10 +0000,Twitter for iPhone,0,Gonna be killer! RT @deadzebra: Prepare to get lucky this month... #Android @shanejessup http://t.co/BAbBQJKcCu,1434,43475,53,475,iOS,Android
24448,d0vahkiin_,Fri  01 Mar 2013 19:34:52 +0000,Twitter for iPhone,0,Haha sucks to have an android.,913,26308,3,493,iOS,Android
24458,NadiaPariss,Fri  01 Mar 2013 19:36:42 +0000,Twitter for iPhone,0,Download it (Nadia Pariss wallpapers) for android only,17449,11089,144,5,iOS,Android
24465,_dbaker1,Fri  01 Mar 2013 19:38:48 +0000,Twitter for iPhone,0,Trappin off my android,556,11930,1,533,iOS,Android
24466,MMTA7W,Fri  01 Mar 2013 19:39:08 +0000,Twitter for iPhone,0,Dear android users  there's no buttons to the side of the home button on Apple devices  so stop acting like idiots,108,9480,0,66,iOS,Android
24472,Letursiaaa_,Fri  01 Mar 2013 19:39:54 +0000,Twitter for iPhone,0,@SteadyRobbin still better than an android,91,895,0,175,iOS,Android
24476,remembershiyah,Fri  01 Mar 2013 19:40:23 +0000,Twitter for iPhone,0,@StanleyFoster LOL neverrr   i had an android bud ..,242,14213,0,225,iOS,Android
24489,lexii_danii,Fri  01 Mar 2013 19:51:28 +0000,Twitter for iPhone,0,Sorry Android  but I can see clearly now how bad you suck.,116,3909,0,113,iOS,Android
24493,B_Easy08,Fri  01 Mar 2013 19:51:56 +0000,Twitter for iPhone,0,Android = Apple,219,10921,1,211,iOS,Android
24496,DRinzauro,Fri  01 Mar 2013 19:52:46 +0000,Twitter for iPhone,0,The little green android dude is on 27th st. About 5ft tall!!!,106,7312,2,198,iOS,Android
24502,ocitea,Fri  01 Mar 2013 19:53:28 +0000,Twitter for iPhone,0,The #ABC 's of #Android game development: User input http://t.co/TpWFny810y,172,1182,1,150,iOS,Android
24509,young_carta_93,Fri  01 Mar 2013 19:54:47 +0000,Twitter for iPhone,0,@Kishaaa_ the DIRT.  If I ever get another cracked screen I swear I'll be rockn an android,1412,18141,1,1372,iOS,Android
24519,itseddiexx,Fri  01 Mar 2013 19:57:34 +0000,Twitter for iPhone,0,@Emily_Christine I'm sure you could find it on google that's what I would do.  I never really used weather when I had android.,56,3773,0,176,iOS,Android
24530,Dylan_Mooney,Fri  01 Mar 2013 19:59:40 +0000,Twitter for iPhone,0,@SeanHegarty5_ have ye not got a laptop or computer or a android tablet?,194,533,0,491,iOS,Android
24554,Unfamous_Celeb,Fri  01 Mar 2013 20:05:27 +0000,Twitter for iPhone,0,Android needs to make an app compatible with iMessage.,3177,95300,94,1660,iOS,Android
24562,AliBali6t7,Fri  01 Mar 2013 20:07:22 +0000,Twitter for iPhone,0,"@renzotiger got 1 email ref: Android Tablet. Unfortunately I'm receiving texts from all other family members.
#fartoomany",78,470,0,499,iOS,Android
24568,dot1ne,Fri  01 Mar 2013 20:08:16 +0000,Twitter for iPhone,0,@barkerja_ not really  in my opinion only YouTube is tiny bit more polished  Gmail  Maps  G+  Current all perform and work better on Android,1680,13948,110,267,iOS,Android
24569,HumzaHumour,Fri  01 Mar 2013 20:08:29 +0000,Twitter for iPhone,0,So I managed to get android apps working on my computer. So I had to give up the whole OS(WindowsAndroid) for just the apps(Blue stack),51,2274,0,70,iOS,Android
24571,Im_Queen_Bee,Fri  01 Mar 2013 20:09:06 +0000,Twitter for iPhone,0,"My boss didn't know what a android was she was like ""the little green man right?""",439,10660,0,404,iOS,Android
24592,ShanaySays_,Fri  01 Mar 2013 20:13:26 +0000,Twitter for iPhone,0,I need a charger for this phone! Anyone have a spare android charger?!,1045,24348,5,952,iOS,Android
24593,PBand_Jaimie,Fri  01 Mar 2013 20:13:29 +0000,Twitter for iPhone,0,@sharing_iskaren this app you have that gives you money..they have it for android  too..it's hard to explain,284,21229,0,236,iOS,Android
24602,Hate_on_MINES,Fri  01 Mar 2013 20:16:22 +0000,Twitter for iPhone,0,"???????????????? she said ""android users are like AKAs secretly hoping for a better way"" ????????????????????",1110,55784,2,810,iOS,Android
24624,Zeke_Corleone,Fri  01 Mar 2013 20:20:52 +0000,Twitter for iPhone,0,@J_Vice32 @girlsgonekyle7 @ejadajasmine @blaze23_johnny lmfaoooo whn James first got his Android,658,22772,0,377,iOS,Android
24629,Poker_Face28,Fri  01 Mar 2013 20:22:12 +0000,Twitter for iPhone,0,"?€?@Hate_on_MINES: ???????????????? she said ""android users are like AKAs secretly hoping for a better way"" ?????????????????????€? omg ????????????",812,38031,5,756,iOS,Android
24642,AUUGHH,Fri  01 Mar 2013 20:24:27 +0000,Twitter for iPhone,0,Started from a android now we're here ???? ???????????????,1210,34722,3,736,iOS,Android
24648,smsm747474,Fri  01 Mar 2013 20:26:11 +0000,Twitter for iPhone,0,"recommend you to use Qurani v 1.2.4. 
Visit the links from your android phone. 
Qurani v 1.2.4 ( http://t.co/ALSiFcZJtp",2130,15425,5,1287,iOS,Android
24672,smsm747474,Fri  01 Mar 2013 20:32:06 +0000,Twitter for iPhone,0,")

I recommend you to use Thousand Sunnah v 1.3. 
Visit the links from your android phone. 
Thousand Sunnah v 1.( http://t.co/yhHAvhGBpy )",2130,15426,5,1287,iOS,Android
24682,MrsTiiney___,Fri  01 Mar 2013 20:35:11 +0000,Twitter for iPhone,0,Fuck an Android ;),220,12580,0,191,iOS,Android
24695,lonzie_range,Fri  01 Mar 2013 20:37:25 +0000,Twitter for iPhone,0,?€?@ay_2_fly7: @lonzie_range shiiii never that!!! Ima Android kinda guy lol?€? smh you gon learn someday!! *Kev Hart Voice*,498,16400,3,452,iOS,Android
24700,KoraBlagden,Fri  01 Mar 2013 20:38:07 +0000,Twitter for iPhone,0,@davesargent @smiffysbar @barneybrazil @toryglenrangers @agentor73787152 Oops! ;) I'm sure it won't be long til it's on the android apps :),551,8809,5,620,iOS,Android
24707,Trevar_Martin,Fri  01 Mar 2013 20:39:11 +0000,Twitter for iPhone,0,I ain't about that android life,256,1551,0,208,iOS,Android
24710,geeivonne,Fri  01 Mar 2013 20:39:53 +0000,Twitter for iPhone,0,@Semaje_ ????semaje  you had an android thats why!,459,12647,1,197,iOS,Android
24727,Semaje_,Fri  01 Mar 2013 20:43:00 +0000,Twitter for iPhone,0,I remember those days when i was team android. Started from the bottom now we here ????,2996,18319,9,1997,iOS,Android
24732,BeardedBandittt,Fri  01 Mar 2013 20:45:03 +0000,Twitter for iPhone,0,But then again my SnapChat was messed up...now I can't get videos from Android users. You can never have the best of both worlds....,404,14339,2,314,iOS,Android
24755,MademoiselleDez,Fri  01 Mar 2013 20:49:41 +0000,Twitter for iPhone,0,Android getting Instagram was THE biggest mistake.,551,36707,2,385,iOS,Android
24774,jd010980,Fri  01 Mar 2013 20:53:07 +0000,Twitter for iPhone,0,Dominion Intrigue and Android: Netrunner. Need players. #games #bgg #yfc,144,4828,3,284,iOS,Android
24776,BasedTacos,Fri  01 Mar 2013 20:53:33 +0000,Twitter for iPhone,0,The majin buu saga is the greatest then then the cell saga then the android saga then then frieza.,231,26260,0,211,iOS,Android
24779,Tash_Solo,Fri  01 Mar 2013 20:54:03 +0000,Twitter for iPhone,0,@EfffinFabolous ???? I didn't even know android has auto correct too,445,11335,2,421,iOS,Android
24786,Aye_yo_itsDee,Fri  01 Mar 2013 20:55:31 +0000,Twitter for iPhone,0,@imBeaming_ That's cute  cause I switched over to my android a month ago. ????????,340,30564,0,251,iOS,Android
24787,cindystarks,Fri  01 Mar 2013 20:55:38 +0000,Twitter for iPhone,0,"RT @MaryamatHP: Meet the new HP Slate7  powered by Android. http://t.co/X32qp5Jg1b ""You had me at hello."" @AFinnie ;)",558,2923,17,774,iOS,Android
24788,instawedapp,Fri  01 Mar 2013 20:55:38 +0000,Twitter for iPhone,0,Who has an android and wants to help out,3448,1041,8,1064,iOS,Android
24799,brittanylc_,Fri  01 Mar 2013 20:57:29 +0000,Twitter for iPhone,0,@savannahpilates I can see ya android shit,261,6676,0,250,iOS,Android
24802,callmebaldy,Fri  01 Mar 2013 20:58:25 +0000,Twitter for iPhone,0,Lord my nanny just bought an android???? she hasn't had a cell phone in 8 years,546,6212,0,440,iOS,Android
24810,gingerninjadani,Fri  01 Mar 2013 21:01:06 +0000,Twitter for iPhone,0,Is avg antivirus fro android any good?,698,18695,18,1319,iOS,Android
24811,DUBfromVA,Fri  01 Mar 2013 21:01:20 +0000,Twitter for iPhone,0,NEW APP  stream music whenever  wherever.. If you have a android thanks !  http://t.co/yaV1doIlSR,411,4353,14,253,iOS,Android
24816,YeaRightDoee,Fri  01 Mar 2013 21:02:20 +0000,Twitter for iPhone,0,@natalicarmenn just get the app !! I have an android too lol,243,7396,0,132,iOS,Android
24822,Edfor3,Fri  01 Mar 2013 21:03:34 +0000,Twitter for iPhone,0,Leander got the android dude out there twearking,345,17498,2,303,iOS,Android
24841,PerfLoveLife,Fri  01 Mar 2013 21:07:53 +0000,Twitter for iPhone,0,@LifeOfAGFx it's an android app,5725,10501,3,2535,iOS,Android
24864,1badd_libra32,Fri  01 Mar 2013 21:12:49 +0000,Twitter for iPhone,0,My mama done got her an android...she think she the shit now lmao,284,16871,0,299,iOS,Android
24874,_kiyaboo,Fri  01 Mar 2013 21:15:14 +0000,Twitter for iPhone,0,@ErnestFipps123 well idk   ask somebody who got a android,953,25198,0,681,iOS,Android
24876,jrdam74,Fri  01 Mar 2013 21:15:35 +0000,Twitter for iPhone,0,@Android_Tuning Followback,938,429,1,1097,iOS,Android
24880,sloweatermvp,Fri  01 Mar 2013 21:16:31 +0000,Twitter for iPhone,0,@Android_Tuning   #Preciate_The_Follow,5997,34569,95,6560,iOS,Android
24881,MyLifeAsJeMS,Fri  01 Mar 2013 21:16:32 +0000,Twitter for iPhone,0,@GeezytaughtHer_ @_rudeboi101 the freedom of the android life is missed by me lol ????,104,11574,4,72,iOS,Android
24883,LyleReasoner,Fri  01 Mar 2013 21:17:01 +0000,Twitter for iPhone,0,@Gatsby4815 I used to have an android and I converted,190,3759,1,213,iOS,Android
24894,porkchophamwich,Fri  01 Mar 2013 21:19:27 +0000,Twitter for iPhone,0,@Irukanji_Cookie that link might help. I think I used to be able to do it from my old android phone.,36,873,1,91,iOS,Android
24896,ATripToLONDON,Fri  01 Mar 2013 21:19:40 +0000,Twitter for iPhone,0,Guess Ill Be Trapping off this Android Til Monday,1057,14742,0,879,iOS,Android
24905,JhonDique,Fri  01 Mar 2013 21:28:20 +0000,Twitter for iPhone,0,I remember when I had an Android,352,19176,0,301,iOS,Android
24906,datniggamickel,Fri  01 Mar 2013 21:28:26 +0000,Twitter for iPhone,0,@PrettyPreshay u got a android dnt u ...,534,5044,0,758,iOS,Android
24911,h_o_d_g_e100,Fri  01 Mar 2013 21:29:08 +0000,Twitter for iPhone,0,Back to a damn android ????,468,37821,0,343,iOS,Android
24922,RachelCarey15,Fri  01 Mar 2013 21:31:17 +0000,Twitter for iPhone,0,@camkeyes I thought you couldn't cause you had an android ????,673,1647,0,659,iOS,Android
24949,lordkenobi,Fri  01 Mar 2013 21:35:02 +0000,Twitter for iPhone,0,@4eyedballer krillen is nice! I forgot he had a girlfriend before android 18,75,2351,0,75,iOS,Android
24956,Poisontattoo94,Fri  01 Mar 2013 21:36:41 +0000,Twitter for iPhone,0,@wood197302 not bad I'm only getting bout 3 on ee so pretty bad that's why I'm looking to switch and go android,288,1707,1,1106,iOS,Android
24960,StNick_212,Fri  01 Mar 2013 21:37:41 +0000,Twitter for iPhone,0,@beynd_beauTful android... #Fail,50,1562,0,83,iOS,Android
24967,BlaqBecki,Fri  01 Mar 2013 21:38:35 +0000,Twitter for iPhone,0,?€?@sneakersapp: Hey #sneakerheads if you are on Android download our App now http://t.co/PlL9lAVMeq and let's talk and share! @jordan22501,328,2358,0,877,iOS,Android
24973,T_RAWW95,Fri  01 Mar 2013 21:39:38 +0000,Twitter for iPhone,0,@ihadatweetsome I don't think I could handle another android!,1816,20834,1,633,iOS,Android
24977,hatercopter,Fri  01 Mar 2013 21:40:33 +0000,Twitter for iPhone,0,@gwvatieri You think android users are more averse to Facebook?,677,4736,35,938,iOS,Android
25011,RockerKillz,Fri  01 Mar 2013 21:46:54 +0000,Twitter for iPhone,0,@TREEKASS i change it mine is a android now,1183,59004,1,995,iOS,Android
25013,Joey_NVJO,Fri  01 Mar 2013 21:47:09 +0000,Twitter for iPhone,0,I got a job dressed up like a android on Campbell drive everyone ride by and throw tomatoes at me,253,10446,0,188,iOS,Android
25020,AkronLovesYou6,Fri  01 Mar 2013 21:48:41 +0000,Twitter for iPhone,0,#nowplaying Paranoid Android- Radiohead,61,1043,0,455,iOS,Android
25022,sayyyBAA_,Fri  01 Mar 2013 21:48:53 +0000,Twitter for iPhone,0,I miss my android,587,18434,1,755,iOS,Android
25023,divinamojica,Fri  01 Mar 2013 21:49:12 +0000,Twitter for iPhone,0,Damn you android for not having flash player! #tabletproblems,169,10687,1,169,iOS,Android
25030,VerbalSpacey,Fri  01 Mar 2013 21:50:29 +0000,Twitter for iPhone,0,You can tell who uses an Android device by the amount of typos in their tweets and texts.,497,28594,16,462,iOS,Android
25031,dhatbtch_23,Fri  01 Mar 2013 21:51:17 +0000,Twitter for iPhone,0,Trappin Off My Android.,389,6708,1,385,iOS,Android
25038,CanadianMamma,Fri  01 Mar 2013 21:52:18 +0000,Twitter for iPhone,0,Real friends don't send emojis to android friends. #BeKind #UseEmoticons,416,2724,1,324,iOS,Android
25050,mauropm,Fri  01 Mar 2013 21:54:44 +0000,Twitter for iPhone,0,@Saucerdk @learningti whats the content of the android section of your tiapp.xml?,3096,119744,170,393,iOS,Android
25057,NiggasHatee,Fri  01 Mar 2013 21:57:04 +0000,Twitter for iPhone,0,"Look folks  my nigga got that ????&lt;- that's fire for android users lol. ?€?@Colby_Cash: @NiggasHatee new shit bra 


http://t.co/yy5r16SpRo?€?",521,31115,1,374,iOS,Android
25065,Mimi_Kay_,Fri  01 Mar 2013 21:58:06 +0000,Twitter for iPhone,0,I remember Kaytlyn's old android lol,308,17690,0,209,iOS,Android
25070,_kaytlynee,Fri  01 Mar 2013 21:59:17 +0000,Twitter for iPhone,0,it was shitttttyyy ?€?@Mimi_Kay_: I remember Kaytlyn's old android lol?€?,339,9135,0,173,iOS,Android
25085,STayEVEN,Fri  01 Mar 2013 22:01:57 +0000,Twitter for iPhone,0,Hopping on that android life soon! #fuckberry's,278,1947,0,60,iOS,Android
25086,YOUNECK_iCURVE,Fri  01 Mar 2013 22:02:04 +0000,Twitter for iPhone,0,Lmaoo negga got his mom income tax now he gotta android n used jordans lmaoo... I see u G ???,390,4416,0,262,iOS,Android
25096,GossipBoyz,Fri  01 Mar 2013 22:03:25 +0000,Twitter for iPhone,0,?€?@LaughorYawn: Your tweeting VIA ANDROID doesn't mean your IQ is higher than someone that tweets via NOKIA?€?,1894,12766,3,876,iOS,Android
25097,trejkaz,Fri  01 Mar 2013 22:03:40 +0000,Twitter for iPhone,0,Android rendering issues seem like they have a practical benefit.,246,4168,11,76,iOS,Android
25098,Stevedpearce,Fri  01 Mar 2013 22:03:44 +0000,Twitter for iPhone,0,@TheInstowArms Many thanks for the follow u can download a free apple or android app via http://t.co/Dma2QNPPow  Cheers Steve,143,256,3,196,iOS,Android
25103,Stevedpearce,Fri  01 Mar 2013 22:04:19 +0000,Twitter for iPhone,0,@LynBarefoot Many thanks for the follow u can download a free apple or android app via http://t.co/Dma2QNPPow  Cheers Steve,143,257,3,196,iOS,Android
25106,Stevedpearce,Fri  01 Mar 2013 22:04:49 +0000,Twitter for iPhone,0,@BudeWindows Many thanks for the follow u can download a free apple or android app via http://t.co/Dma2QNPPow  Cheers Steve,143,258,3,196,iOS,Android
25108,llanascarmen,Fri  01 Mar 2013 22:05:09 +0000,Twitter for iPhone,0,@33Marifer you're new to the touch screen/android category,479,15953,0,193,iOS,Android
25118,Al_Kaeda,Fri  01 Mar 2013 22:06:13 +0000,Twitter for iPhone,0,I'd buy an android phone just for the Jellybean keyboard. It's beautiful  that's what it is.,234,20609,4,247,iOS,Android
25141,jguzikowski,Fri  01 Mar 2013 22:11:18 +0000,Twitter for iPhone,0,@kevintheclever excuse me? Snood STILL is a thing..apparently they're on Android now (subject of the newsletter),104,3411,3,129,iOS,Android
25154,SLR_Sid,Fri  01 Mar 2013 22:13:15 +0000,Twitter for iPhone,0,i want a android again !,426,7085,0,393,iOS,Android
25163,MakeItHaeske,Fri  01 Mar 2013 22:14:12 +0000,Twitter for iPhone,0,"Android autocorrect doesn't know ""sorority""  further proving that they are the GDIs of the phone world",148,629,0,117,iOS,Android
25164,baddaxsjsb,Fri  01 Mar 2013 22:14:18 +0000,Twitter for iPhone,0,?€?@100stackzSAMboe: I hate when yall use emojis ...i have an android so they jus appear as boxes?€? ????????,815,14155,4,558,iOS,Android
25165,DanandPhiladict,Fri  01 Mar 2013 22:14:21 +0000,Twitter for iPhone,0,@ElizaDanosaur1 well actually kindles are run on android lol,462,4970,0,144,iOS,Android
25176,TiffyNicole15,Fri  01 Mar 2013 22:15:57 +0000,Twitter for iPhone,0,just re downloaded foursquare on my phone and I hadn't used it since I had my android back in December ????,828,30339,8,591,iOS,Android
25178,Iam_Trippz,Fri  01 Mar 2013 22:15:59 +0000,Twitter for iPhone,0,k ?€?@freeMEjwor: I want Android Smiley's too :(?€?,790,33121,0,787,iOS,Android
25189,HAILEESCHMITZ,Fri  01 Mar 2013 22:18:33 +0000,Twitter for iPhone,0,If I'm a retarded android  does that make me a black berry??,6,30,0,23,iOS,Android
25190,apokaloptimist,Fri  01 Mar 2013 22:18:37 +0000,Twitter for iPhone,0,@ExpectLulz i thought I was the only person on earth that hated Samsung android devices,1418,24139,38,2003,iOS,Android
25193,catfyson,Fri  01 Mar 2013 22:19:40 +0000,Twitter for iPhone,0,@xtiffyxx i was put off of android after suffering with a htc phone!,313,4026,8,405,iOS,Android
25206,ellefontt,Fri  01 Mar 2013 22:21:40 +0000,Twitter for iPhone,0,Never trust a bitch with an android! ???? @laurenstutes,339,12904,1,437,iOS,Android
25219,sandy_harkho,Fri  01 Mar 2013 22:24:50 +0000,Twitter for iPhone,0,@Jeffrey_Barrrrr fuck yoo android' can't see me bitchhhh????????????,203,4106,0,183,iOS,Android
25252,morgenisme,Fri  01 Mar 2013 22:29:55 +0000,Twitter for iPhone,0,@nataliecraving yeah android sucks haha,118,8062,1,111,iOS,Android
25259,magnisbane,Fri  01 Mar 2013 22:30:43 +0000,Twitter for iPhone,0,@imagin3drag0ns ooh you have an android? AWW :((((,862,14076,1,152,iOS,Android
25274,just1nbruce,Fri  01 Mar 2013 22:32:42 +0000,Twitter for iPhone,0,.@ikersaldivar just told that the Android version of the new WKRN weather app is on the way in a week or so.,3080,11743,160,1165,iOS,Android
25279,catfyson,Fri  01 Mar 2013 22:33:01 +0000,Twitter for iPhone,0,@xtiffyxx my boyfriends mum has the galaxy tab which is good but i've been put off android! #applesbitch,313,4031,8,405,iOS,Android
25288,BrenenDre,Fri  01 Mar 2013 22:35:02 +0000,Twitter for iPhone,0,@LyonsJade android about to come my way lol,487,20537,0,263,iOS,Android
25290,IDance_SheWatch,Fri  01 Mar 2013 22:35:56 +0000,Twitter for iPhone,0,I want an android phone,873,30465,1,474,iOS,Android
25291,adamwrobinson,Fri  01 Mar 2013 22:36:14 +0000,Twitter for iPhone,0,@DYMongoose he attacked customers of smartphones which are flat featureless devices. Apple &amp; others too. A big part of which use Android.,366,10002,9,186,iOS,Android
25296,_LiyyahDee,Fri  01 Mar 2013 22:38:06 +0000,Twitter for iPhone,0,When my echofon app starts tripping I switch to twitter for android,1230,46717,5,943,iOS,Android
25297,Not_That_Heroic,Fri  01 Mar 2013 22:38:08 +0000,Twitter for iPhone,0,I don't think I'll ever go back to the android life by choice.,832,18877,2,507,iOS,Android
25314,Sincipient820,Fri  01 Mar 2013 22:42:04 +0000,Twitter for iPhone,0,The SQUATCHBOX is a must have app for every #squatcher or #bigfoot hunter out there...FREE on #Android,892,192,2,1350,iOS,Android
25318,_Left_Eye,Fri  01 Mar 2013 22:43:18 +0000,Twitter for iPhone,0,I had to fuckin leave work cause of @TrapGirl__Mimi for saying that this worker said an android is NOT a smart phone ????????????????????,1120,51392,3,1065,iOS,Android
25335,MadisonCrisler,Fri  01 Mar 2013 22:47:34 +0000,Twitter for iPhone,0,I miss my android ... I liked that so much better at times,51,1214,0,65,iOS,Android
25337,ThatTaylorMonet,Fri  01 Mar 2013 22:47:54 +0000,Twitter for iPhone,0,Couldn't answer my phone was completely dead android said swipe denied #HA,501,24639,2,488,iOS,Android
25343,Toeda57,Fri  01 Mar 2013 22:49:11 +0000,Twitter for iPhone,0,And i still prefer Android. http://t.co/u0OPlLPbJT,9,150,1,1,iOS,Android
25354,SumzNadeem,Fri  01 Mar 2013 22:52:50 +0000,Twitter for iPhone,0,@javvieee it's a man. Get your facts right u android chicken nugget,36,1295,0,46,iOS,Android
25362,Paidinfull912,Fri  01 Mar 2013 22:54:20 +0000,Twitter for iPhone,0,@hey_MoeMoe lol yeah mane..I had an affair with android,361,11755,3,329,iOS,Android
25363,yocline,Fri  01 Mar 2013 22:54:46 +0000,Twitter for iPhone,0,Like other old folks I'm just going to blame technology  specifically Android cc/ @JJSIII,2369,10515,111,984,iOS,Android
25369,wnwnews,Fri  01 Mar 2013 22:55:47 +0000,Twitter for iPhone,0,1024 #DirtSheet #Android installs!  See why all the hype https://t.co/DQ4uUfel1Y,13010,21176,214,8,iOS,Android
25371,YunngNatnFree,Fri  01 Mar 2013 22:56:28 +0000,Twitter for iPhone,0,@dizzleduchess wordd !! mi nigga jus switch to Android or some :),601,18752,0,527,iOS,Android
25374,SariKreines,Fri  01 Mar 2013 22:58:02 +0000,Twitter for iPhone,0,?€?@timschwarz: just finished a runtastic run of 5.26 mi in 55m 14s with #runtastic PRO Android App: http://t.co/m5NccSrcsJ?€? awe yea #athletic,101,336,0,194,iOS,Android
25382,DB_FromRockwell,Fri  01 Mar 2013 22:59:07 +0000,Twitter for iPhone,0,And a android nigga,3873,13192,0,1179,iOS,Android
25393,AmineSeventy3,Fri  01 Mar 2013 23:01:40 +0000,Twitter for iPhone,0,I think we should take Google+ seriously as it is growing beside Twitter so that means Android too which means lots http://t.co/gVEdqBm9ez,11,575,0,108,iOS,Android
25406,UhitsLeeexo,Fri  01 Mar 2013 23:04:28 +0000,Twitter for iPhone,0,Sending emojis to an android user just to annoy them ????,1111,23795,6,1723,iOS,Android
25411,CamrynLaBoo,Fri  01 Mar 2013 23:05:32 +0000,Twitter for iPhone,0,But I'd prefer the android????,215,8326,0,213,iOS,Android
25433,Tago_the_Guez,Fri  01 Mar 2013 23:11:16 +0000,Twitter for iPhone,0,Your team Android...,340,20326,2,219,iOS,Android
25449,LadyEhilton,Fri  01 Mar 2013 23:15:34 +0000,Twitter for iPhone,0,?€?@Tru_ShesA_Bomb: I know ericka ain't just try play wit me wit no emojis?€?you Kno I did member u play with my old Android lls,391,15805,0,385,iOS,Android
25454,MauryRell_,Fri  01 Mar 2013 23:16:26 +0000,Twitter for iPhone,0,@CashDADDY_ oh thats the blow a bunch of useless android chargers smh,245,5364,1,243,iOS,Android
25458,HiRezAPC,Fri  01 Mar 2013 23:17:51 +0000,Twitter for iPhone,0,@peterloorke i gotta get someone with an android phone to see this baby in action. Well done though. Will share with others :),492,1746,9,97,iOS,Android
25461,CamrynLaBoo,Fri  01 Mar 2013 23:18:01 +0000,Twitter for iPhone,0,Considering the android doesn't work????,215,8328,0,213,iOS,Android
25463,BenedictEvans,Fri  01 Mar 2013 23:18:10 +0000,Twitter for iPhone,0,@charlesarthur @steveliput Acer was building a custom platform on top of Android. It was fragmenting it. That Moto phone doesn't do that,5986,25167,317,612,iOS,Android
25477,BenedictEvans,Fri  01 Mar 2013 23:21:52 +0000,Twitter for iPhone,0,The future of 'search' isn't a text box on a web page: it's deep device integration. That's why Android fragmentation is a problem.,5986,25168,317,612,iOS,Android
25481,BenedictEvans,Fri  01 Mar 2013 23:23:46 +0000,Twitter for iPhone,0,@davidchow I believe Samsung Android devices in China come without Google Play: https://t.co/9pW611unzA,5986,25169,317,612,iOS,Android
25484,dylanbarrell,Fri  01 Mar 2013 23:24:41 +0000,Twitter for iPhone,0,Standing room only for @pauljadam's Android #a11y presentation #csun13 http://t.co/eaoeEPGKVg,160,940,7,107,iOS,Android
25488,_BEasyDude,Fri  01 Mar 2013 23:25:34 +0000,Twitter for iPhone,0,?€?@fatBOOTY_: if this android man doesn't stop parchutin' down my screen?€? lmfao,453,53965,1,439,iOS,Android
25496,kayjayy90,Fri  01 Mar 2013 23:26:50 +0000,Twitter for iPhone,0,Bac to android I'm about to go...,220,1799,0,226,iOS,Android
25502,iamlemonfilm,Fri  01 Mar 2013 23:28:13 +0000,Twitter for iPhone,0,How to better use my Android system at home? Hmmm ...,17,481,0,48,iOS,Android
25503,mattack108,Fri  01 Mar 2013 23:28:55 +0000,Twitter for iPhone,0,5mins later and the Android OS system(tm) has crashed. And I was just updating the apps. You Google call it stable system...,26,415,1,46,iOS,Android
25515,LaurenGoode,Fri  01 Mar 2013 23:30:45 +0000,Twitter for iPhone,0,.@jack says he has high hopes for Android when @fredwilson asks about smartphone/tablet penetration (re: mobile payments) in emerging mkts,16460,11960,667,1034,iOS,Android
25517,AmineSeventy3,Fri  01 Mar 2013 23:31:09 +0000,Twitter for iPhone,0,Anything u want knw on android jynx box follow the unique tutorial how to put Xbmc &amp; navix our fellow @xctechs YouTube for more info,11,580,0,108,iOS,Android
25518,azfaznurfurrr,Fri  01 Mar 2013 23:31:10 +0000,Twitter for iPhone,0,@ina_loves26 too bad for android users. MUAHAHAHAHAHHA. ????????????????????????????????????,352,51112,0,323,iOS,Android
25519,mandyvan,Fri  01 Mar 2013 23:31:11 +0000,Twitter for iPhone,0,In the Android 4.2+ Accessibility session by @pauljadam @csun13,174,1703,5,274,iOS,Android
25536,OhhLizyBabyy,Fri  01 Mar 2013 23:35:15 +0000,Twitter for iPhone,0,@Edgar_92Till I didn't I had an android so iCloud wasn't there,140,3099,0,131,iOS,Android
25549,goodwitch,Fri  01 Mar 2013 23:38:17 +0000,Twitter for iPhone,0,SRO for @pauljadam session on  Talkback &amp; Magnification #a11y in Android. 4.2+ #CSUN13,2058,6791,218,480,iOS,Android
25555,inee_27,Fri  01 Mar 2013 23:40:10 +0000,Twitter for iPhone,0,@KingJaikope uhm .. BOOO you &amp;&amp; your android!! ha jk!,196,4781,0,200,iOS,Android
27612,kurnia08lusy,Fri  01 Mar 2013 23:31:29 +0000,UberSocial Pro for iPhone,0,BB off android on...,195,14702,1,394,iOS,Android
27625,DanielRomeo,Fri  01 Mar 2013 19:04:34 +0000,VEVO iPhone,0,I'm watching Right Here (Lyric Video) by Justin Bieber ft. Drake on @VEVO for Android. http://t.co/JbdPdbiwbs,222,4415,0,197,iOS,Android
27626,AnitaMorlock,Fri  01 Mar 2013 19:55:45 +0000,VEVO iPhone,0,I'm watching The Best Day by Taylor Swift on @VEVO for Android. http://t.co/uleRHLwjrd,8,271,0,75,iOS,Android
27627,AnitaMorlock,Fri  01 Mar 2013 19:57:39 +0000,VEVO iPhone,0,Khloe is one lucky little girl I'm watching The Best Day by Taylor Swift on @VEVO for Android. http://t.co/uleRHLwjrd,8,272,0,75,iOS,Android
27628,rulasrulito,Fri  01 Mar 2013 20:01:46 +0000,VEVO iPhone,0,I'm watching Outside by George Michael on @VEVO for Android. http://t.co/uI6qqdIyuw,8,121,0,16,iOS,Android
27629,WutsCrackinAZ,Fri  01 Mar 2013 20:03:09 +0000,VEVO iPhone,0,I'm watching On My Block by Scarface on @VEVO for Android. http://t.co/HxnFJ512rS,1474,43025,27,2008,iOS,Android
27630,rulasrulito,Fri  01 Mar 2013 20:03:18 +0000,VEVO iPhone,0,I'm watching I'm Gonna Getcha Good! (Red Picture Version) by Shania Twain on @VEVO for Android. http://t.co/s9I4etEngD,8,122,0,16,iOS,Android
27631,Dommecca22,Fri  01 Mar 2013 20:35:33 +0000,VEVO iPhone,0,I'm watching Diced Pineapples (Explicit) by Rick Ross ft. Wale &amp; Drake on @VEVO for Android. http://t.co/68vmJef0iF,51,2252,0,280,iOS,Android
27632,Dommecca22,Fri  01 Mar 2013 20:37:00 +0000,VEVO iPhone,0,I'm watching Headlines (Explicit) by Drake on @VEVO for Android. http://t.co/SLLsQlLMtQ,51,2253,0,280,iOS,Android
27633,andrelemos100,Fri  01 Mar 2013 20:37:49 +0000,VEVO iPhone,0,I'm watching The One That Got Away by Katy Perry on @VEVO for Android. http://t.co/ywN7qFJcMt,33,1219,0,223,iOS,Android
27634,anva6606,Fri  01 Mar 2013 21:13:55 +0000,VEVO iPhone,0,I'm watching Algo Me Gusta De Ti (Lyric Video) by Wisin &amp; Yandel ft. T-Pain &amp; Chris Brown on @VEVO for Android. http://t.co/6o51apceav,6,202,2,29,iOS,Android
27635,terrymayz,Fri  01 Mar 2013 21:43:49 +0000,VEVO iPhone,0,I'm watching Hey Porsche by Nelly on @VEVO for Android. http://t.co/gqPELUNcq6,104,953,1,308,iOS,Android
27636,PornKeuth,Fri  01 Mar 2013 21:45:35 +0000,VEVO iPhone,0,I'm watching Carried Away by Passion Pit on @VEVO for Android. http://t.co/FQXXvseVOq,75,704,1,81,iOS,Android
27637,TYCloser,Fri  01 Mar 2013 22:17:37 +0000,VEVO iPhone,0,I'm watching Major Distribution (Explicit) by 50 Cent ft. Young Jeezy &amp; Snoop Dogg on @VEVO for Android. http://t.co/Xx6m8ZIFo2,28,880,0,76,iOS,Android
27638,theelmsctl2,Fri  01 Mar 2013 22:29:23 +0000,VEVO iPhone,0,I'm watching Next To Me by Emeli Sand?? on @VEVO for Android. http://t.co/1BhsQrlIKD,96,252,0,365,iOS,Android
27639,VevollcSf,Fri  01 Mar 2013 22:59:06 +0000,VEVO iPhone,0,I'm watching Right Side of the Bed by Atreyu on @VEVO for Android. http://t.co/L91gYgYBUf,0,10,0,1,iOS,Android
27640,god_dea,Fri  01 Mar 2013 23:15:33 +0000,VEVO iPhone,0,I'm watching One Way Or Another (Teenage Kicks) by One Direction on @VEVO for Android. http://t.co/D2X5U9tyTC,0,22,0,1,iOS,Android
27641,ddmothe,Fri  01 Mar 2013 23:18:52 +0000,VEVO iPhone,0,I'm watching Heart Attack (Official Lyric Video) by Demi Lovato on @VEVO for Android. http://t.co/qKrEavXIXs,6,17,0,37,iOS,Android
27642,god_dea,Fri  01 Mar 2013 23:22:30 +0000,VEVO iPhone,0,I'm watching The Ship Song by Nick Cave &amp; The Bad Seeds on @VEVO for Android. http://t.co/wuyQwt7WXL,0,23,0,1,iOS,Android
27643,Miartinah,Fri  01 Mar 2013 23:22:55 +0000,VEVO iPhone,0,One Way Or Another (Teenage Kicks) by One Direction on @VEVO for Android. http://t.co/HLJffmxhVp come farti tornare il sorriso :'),117,2255,0,204,iOS,Android
27644,Entrt8nmtlove,Fri  01 Mar 2013 23:38:16 +0000,VEVO iPhone,0,I'm watching Skyscraper by Demi Lovato on @VEVO for Android. http://t.co/9Gyk5SgAL6,187,783,0,1115,iOS,Android
29720,compare_tablets,Fri  01 Mar 2013 18:56:14 +0000,Zite Personalized Magazine,0,Amazon Android tablet app comes to the UK http://t.co/Rc2pffLOne,199,1522,12,1008,iOS,Android
29726,moniquekromhout,Fri  01 Mar 2013 21:41:08 +0000,Zite Personalized Magazine,0,Android 4.2.2 AOSP code push now complete http://t.co/xGewJHXYko,163,5959,3,169,iOS,Android
