date,followers,friends,id,listed,predicted,retweets,source,source_cleaned,statuses,tweettopic,user,text
Fri  01 Mar 2013 22:03:26 +0000,122,425,294,2,neutral,0,Business Insider on iOS,iOS,1037,Android,Geuka,One Of Apple's Most Important Early Execs Is Now Helping Google With Android http://t.co/D6vvmVniSe via Business Insider
Fri  01 Mar 2013 19:25:46 +0000,1315,2000,296,7,neutral,0,Camera on iOS,iOS,833,Android,raincrowgames,Clan Fangtastic threw an Initiation Party today adding 819 victims! http://t.co/KWdOVhpQHo #Gaming #Android http://t.co/g7tL9AByUJ
Fri  01 Mar 2013 18:47:32 +0000,382,2001,1215,4,neutral,0,eBay on iOS,iOS,2374,Android,Carol_Joann,#FreeShipping #NEW #OtterBox #Defender Series #Belt #Clip #Holster for #HTC #Inspire #Android  (Black): http://t.co/ly76cJs03p #ebaymobile
Fri  01 Mar 2013 19:32:24 +0000,1144,984,3016,0,negative,0,iOS,iOS,19066,Android,Gaby_arrr,Who's good with android phones and is tryna help me out real quick?
Fri  01 Mar 2013 22:02:18 +0000,102,68,3086,0,neutral,0,iOS,iOS,3571,Android,_iaaan,*hears android ringtone* *pukes*
Fri  01 Mar 2013 22:34:45 +0000,108,266,3108,0,neutral,0,iOS,iOS,8561,Android,Ali__Nikole,my grandpa got a tablet &amp; an android he's so hip
Fri  01 Mar 2013 23:22:23 +0000,1030,930,3130,0,positive,0,iOS,iOS,23025,Android,LillyMacSaidIt,How do u change tha font on an android? I see ppl wit other fonts and no tha factory norm. Hep me out plzz!!
Fri  01 Mar 2013 23:32:11 +0000,1281,573,3135,14,negative,0,iOS,iOS,56337,Android,ColorMeFly,I call this extra android phone I have my "iPad" cause it's so damn big lol.
Fri  01 Mar 2013 21:50:30 +0000,461,428,3673,13,negative,0,Osfoora for iOS,iOS,870,Android,mobevegas,What's your Lucky Number? Try our New Roulette on your mobile! WIN CASH NOW!! http://t.co/TA4JQo6B #mobile #android #Roulette #Games #casino
Fri  01 Mar 2013 17:23:29 +0000,112,98,3905,0,neutral,0,Photos on iOS,iOS,988,Android,ianabalos99,The good thing about SAMSUNG Grand (Android OS) is.. |@gjaninedxd | http://t.co/Ylkseonl5D
Fri  01 Mar 2013 22:45:38 +0000,200,123,3919,6,positive,0,Photos on iOS,iOS,12479,Android,thomaskee13,Hack  hack :) - Custom ROM on my Android Samsung Phone :) http://t.co/DQy9tpJIUI
Fri  01 Mar 2013 23:34:26 +0000,1697,260,4346,61,neutral,0,Reeder on iOS,iOS,53873,Android,Sensespoison,Japanese agency warns of information-stealing Android porn app http://t.co/utIwdDc4Ma
Fri  01 Mar 2013 19:51:03 +0000,526,1231,4424,18,neutral,0,Safari on iOS,iOS,762,Android,TudorJuravlea,GDG summoning Android developers in Bucharest http://t.co/0gDTaY14PR
Fri  01 Mar 2013 23:01:49 +0000,251,192,4426,8,neutral,0,Safari on iOS,iOS,4287,Android,paolomassa,The First ?E-Ink Android Smartphone? Unveiled  Offers 4 Weeks Battery-Life http://t.co/26DCpA3MYv
Fri  01 Mar 2013 22:04:22 +0000,1136,2000,4509,12,neutral,0,SkyGrid on iOS,iOS,6667,Android,CameronDigital,The New York Times Expands Flipboard Apps To Android &amp; Kindle Fire
http://t.co/DaraFeSwDa
Fri  01 Mar 2013 20:57:35 +0000,315,701,4726,3,neutral,0,TechCrunch on iOS,iOS,18496,Android,Mariorq14,Sony Xperia C670X Specs Leak  Suggesting A New Android Flagship To Take On The HTC One  @TechCrunch http://t.co/7oa9LQyLGx
Fri  01 Mar 2013 23:17:36 +0000,560,787,5612,30,neutral,0,Tweebie for iPhone,iOS,32689,Android,Dexwell_,@Will3942 Android is lame
Fri  01 Mar 2013 19:06:37 +0000,251,335,6090,13,neutral,0,Tweetbot for iOS,iOS,16951,Android,neapel,on that note  let?s check in with the Android crowd *opens hatch*
Fri  01 Mar 2013 19:36:03 +0000,27,75,6105,0,negative,0,Tweetbot for iOS,iOS,1337,Android,jetsetsonic,Also trying to understand how RR3 looks better on my 4S than my Nexus 7. Oh  that?s right  cause big devs don?t give two shits about Android
Fri  01 Mar 2013 19:37:11 +0000,414,123,6107,6,positive,0,Tweetbot for iOS,iOS,45805,Android,jayeshb,@weemundo @Harry_Jerry Mundo don?t make hipster emotes. :(

I miss emojis on android. That?s all btw. Everything else is pretty good.
Fri  01 Mar 2013 19:59:48 +0000,403,322,6121,20,neutral,0,Tweetbot for iOS,iOS,1098,Android,jason_madsen,Found an android tablet on a bench. Found owners email. Sent email. Any other ideas on how to contact them? http://t.co/JaVYJcoF5R
Fri  01 Mar 2013 20:16:38 +0000,248,53,6135,10,negative,0,Tweetbot for iOS,iOS,12913,Android,chaensel,Honestly  the HTC One X feels cheap  and Android is  in my opinion  for kids. Anybody wants to trade his Lumia for my HTC One X? :P #asif
Fri  01 Mar 2013 20:26:25 +0000,79,83,6144,1,neutral,0,Tweetbot for iOS,iOS,718,Android,ricopenguin,@PrivateFC You are too nice so don't don't worry. I have planted an explosive surprise in her Android gingerbread sandwich #kAbLaMmO xD
Fri  01 Mar 2013 20:35:11 +0000,225,173,6147,8,neutral,0,Tweetbot for iOS,iOS,1221,Android,mattrosno,Didn?t know how emoji-dependent I was until texting an android user. HOW DO I EXPRESS MYSELF?
Fri  01 Mar 2013 20:58:53 +0000,407,485,6167,6,neutral,0,Tweetbot for iOS,iOS,2443,Android,shawncase,Asana launches Android App! | Best project management software I've used! http://t.co/9Ca6gTjvs5
Fri  01 Mar 2013 21:05:33 +0000,57,177,6172,2,negative,0,Tweetbot for iOS,iOS,1344,Android,gerrit77,I don?t need fliers from a cremation service. I need a service that promises to put my brain into an android body so I can live forever.
Fri  01 Mar 2013 21:19:27 +0000,62,255,6183,0,neutral,0,Tweetbot for iOS,iOS,2982,Android,Heinrich0711,@pierrefitch I love Android OS but worried about battery life &amp; long term durability
Fri  01 Mar 2013 21:19:27 +0000,62,255,6184,0,neutral,0,Tweetbot for iOS,iOS,2981,Android,Heinrich0711,@pierrefitch I love Android OS but worried about battery life &amp; long term durability
Fri  01 Mar 2013 21:20:28 +0000,262,300,6186,0,neutral,0,Tweetbot for iOS,iOS,9200,Android,DeanAJMaiden,@RobinSchrijvers have you tried 8tracks yet. It works on android and on the Internet.
Fri  01 Mar 2013 21:32:11 +0000,226,527,6191,8,positive,0,Tweetbot for iOS,iOS,8076,Android,AtomicPlayb0y,@DylanReeve @nzben @freitasm @billbennettnz RIM and android may as well be dead to business.
Fri  01 Mar 2013 21:45:37 +0000,993,129,6199,12,neutral,0,Tweetbot for iOS,iOS,20815,Android,TwiPony,@vanillaooc android?
Fri  01 Mar 2013 22:23:43 +0000,1234,496,6219,78,neutral,0,Tweetbot for iOS,iOS,14709,Android,nachimir,@missdoda @Pyroka: @rossaluss sailed up to 27s on first go at hyper hexagonest on my ithing  after switching from android.
Fri  01 Mar 2013 22:57:13 +0000,118,154,6234,3,negative,0,Tweetbot for iOS,iOS,11057,Android,TheRealBigMark,S4 gone have Android 4.3 and S3 gone be stuck on 4.1 lmaoooooo
Fri  01 Mar 2013 22:58:35 +0000,118,154,6235,3,neutral,0,Tweetbot for iOS,iOS,11058,Android,TheRealBigMark,Best manufacturer of Android phones based off  OS upgrade support is HTC
Fri  01 Mar 2013 23:06:41 +0000,800,312,6241,32,positive,0,Tweetbot for iOS,iOS,50237,Android,emslj,@ollyk81 Congratulations  that has joined @lottiens? cow battery life indicator as the only things to ever make me wish I had an Android.
Fri  01 Mar 2013 23:16:47 +0000,202,192,6249,15,neutral,0,Tweetbot for iOS,iOS,6549,Android,SpeckK,@elforesto @fruhwirth I pay ~$25 a month for an Android phone as long as I don't use much data https://t.co/QwLWBKKvrZ
Fri  01 Mar 2013 23:20:23 +0000,712,396,6256,57,neutral,0,Tweetbot for iOS,iOS,73600,Android,OohCrystal,@SincerelyDavis I hate the android operating software so mehhhhhh
Fri  01 Mar 2013 23:33:45 +0000,343,535,6264,7,neutral,0,Tweetbot for iOS,iOS,2279,Android,SessionBlogger,@bomaya Great choices. My Top 3 would have been 1. Paranoid Android  2. Let Down  3. Reckoner.
Fri  01 Mar 2013 20:35:15 +0000,78,169,6428,2,neutral,0,TweetCaster for iOS,iOS,1316,Android,ouijella,I need an android tablet!
Fri  01 Mar 2013 22:00:00 +0000,2504,213,6431,4,negative,0,TweetCaster for iOS,iOS,35732,Android,DistrictGalaxxy,@BassHeadMiguel shush up. Speaking that nonsense! Possessed by the android demons &amp; shit. Ahah
Fri  01 Mar 2013 22:16:10 +0000,288,301,6432,10,neutral,0,TweetCaster for iOS,iOS,21869,Android,JasinIsTrouble,Lol not for another 2 yrs grl RT @INYRMOUTH87: @JasinIsTrouble girl come back to android
Fri  01 Mar 2013 22:21:52 +0000,1374,996,6433,9,positive,0,TweetCaster for iOS,iOS,59097,Android,LouDaddie_RDC,@leila_mob lmaoo I was playin that shit is long gone... It was back in my Android days
Fri  01 Mar 2013 22:24:40 +0000,1374,996,6434,9,positive,0,TweetCaster for iOS,iOS,59100,Android,LouDaddie_RDC,@leila_mob it means that my android phone saved it.. Like I said its in a dumpster somewhere gurl your body ain't that vicious
Fri  01 Mar 2013 22:51:05 +0000,346,303,6435,3,negative,0,TweetCaster for iOS,iOS,27877,Android,ReadEm_ndWeep,Sorry android users all my tweets gonna have and emoji from now on #Team????
Fri  01 Mar 2013 23:29:18 +0000,286,284,6437,0,neutral,0,TweetCaster for iOS,iOS,6263,Android,MaddDoggMiller,@LateCold the android version is coming out soon. It's totally worth the download.
Fri  01 Mar 2013 22:39:00 +0000,213,158,6781,3,neutral,0,Tweetings for  iPhone,iOS,48579,Android,Brol1kTheGreat,@MrViZZiATO is it dropping for AT&amp;T? I'm actually looking for an android phone nexus or htc one X to toy with.
Fri  01 Mar 2013 22:54:03 +0000,1181,202,6782,30,neutral,0,Tweetings for  iPhone,iOS,15473,Android,codedit,@DojiSaber I don't know  I'm not an android developer... Ask on an android development forum.
Fri  01 Mar 2013 23:20:14 +0000,312,332,6789,3,positive,0,TweetList!,iOS,43976,Android,CashDADDY_,@MauryRell_ I know ! Niggas wanna be on that bumass  android flow
Fri  01 Mar 2013 19:09:47 +0000,186,254,9181,0,neutral,0,Twitter for iPad,iOS,1537,Android,emreaksoyGS,@zekikayahan Android
Fri  01 Mar 2013 19:30:15 +0000,522,1540,9200,36,neutral,0,Twitter for iPad,iOS,7611,Android,justicejr,@wacom's new tablet device will run Android. Just guessing.
Fri  01 Mar 2013 20:24:03 +0000,3,35,9224,0,positive,0,Twitter for iPad,iOS,206,Android,shadow3vil,Android is better than apple just because Android can watch Flash videos. Okay because Flash makes it all better. :P http://t.co/iuwmyeiRnx
Fri  01 Mar 2013 20:36:57 +0000,20,171,9234,0,positive,0,Twitter for iPad,iOS,288,Android,Ryanlight29,@9to5Google Another day  another "me too" Android tablet. *Yawn*. Can't imagine it would sell really well.
Fri  01 Mar 2013 20:40:04 +0000,1111,1996,9236,23,neutral,0,Twitter for iPad,iOS,6833,Android,android_no,Android tiene mucho LAG
http://t.co/ZWZ3Nb801e
Fri  01 Mar 2013 20:41:20 +0000,583,252,9237,0,neutral,0,Twitter for iPad,iOS,3769,Android,Mariaaax_x,Touch pal keyboard on android is similar to swift key  but swift key is better.
Fri  01 Mar 2013 21:11:10 +0000,887,529,9259,8,neutral,0,Twitter for iPad,iOS,146075,Android,razer_i7,@NerdyFTW @nickba lol android doesn't have it any more either
Fri  01 Mar 2013 21:18:44 +0000,178,157,9266,0,positive,0,Twitter for iPad,iOS,7694,Android,DjNezzyNezz,@android_andy bitch just text me. #chchbang
Fri  01 Mar 2013 21:39:43 +0000,242,624,9275,4,neutral,0,Twitter for iPad,iOS,1874,Android,gadamak,The HP Slate 7 tablet with Android OS is a fully featured tablet that brings your world down to size.
Fri  01 Mar 2013 21:40:06 +0000,1750,1848,9276,37,neutral,0,Twitter for iPad,iOS,6725,Android,codfather,Have to say after several weeks playing with Android 4.2   the Android devs have really nailed this OS. Fast  Usable and intuitive 10/10
Fri  01 Mar 2013 21:44:38 +0000,210,223,9284,0,negative,0,Twitter for iPad,iOS,10521,Android,mbrkbichi,?@LaughorYawn: Your tweeting VIA ANDROID doesn't mean your IQ is higher than someone that tweets via NOKIA? haha
Fri  01 Mar 2013 21:50:05 +0000,550,229,9289,2,negative,0,Twitter for iPad,iOS,2932,Android,Aysha_muah,?@tHe_sMoOcHy: u r tweeting VIA ANDROID doesn't mean your IQ is higher than someone that tweets via NOKIA?
Fri  01 Mar 2013 21:50:35 +0000,246,163,9290,0,negative,0,Twitter for iPad,iOS,14235,Android,Pietrosparks,K ?@fr3sh_ish: Your tweeting VIA ANDROID doesn't mean your IQ is higher than someone that tweets via NOKIA?
Fri  01 Mar 2013 21:59:19 +0000,357,399,9293,7,neutral,0,Twitter for iPad,iOS,7902,Android,tjsynkral,@DraakSwifttail That's an Android problem. Any keyboard that doesn't have it is violating the Android IME requirements.
Fri  01 Mar 2013 22:10:19 +0000,26,89,9300,0,neutral,0,Twitter for iPad,iOS,545,Android,blomgren23,@droid_life: Final contest:  Win a Nexus 10 16GB from Droid Life! http://t.co/21ovoUTWrN #android
Fri  01 Mar 2013 22:16:15 +0000,875,680,9310,26,neutral,0,Twitter for iPad,iOS,24653,Android,springrose12,@Mruff221 But you are the most perfect android I've ever met. Technology is really improving:)
Fri  01 Mar 2013 22:24:08 +0000,504,653,9314,3,neutral,0,Twitter for iPad,iOS,2291,Android,perossmeisl,?@pyle_sandy: Now It's Their Turn to Tighten Belts  http://t.co/aEjJW45JGb - Sent via the FOX News Android

AMEN!!! http://t.co/t0AeMhDs1y
Fri  01 Mar 2013 22:27:45 +0000,373,373,9317,2,positive,0,Twitter for iPad,iOS,31094,Android,AyoAshezSays,Went burger king yesterday for the first time ! Wid dawn .. We saw dutty android ... I wont even comment on the food i had :/
Fri  01 Mar 2013 22:58:26 +0000,42,146,9331,0,neutral,0,Twitter for iPad,iOS,440,Android,ZedKunda,The more I research the more I want an #XperiaZ it is stunning #android perfection
Fri  01 Mar 2013 23:00:27 +0000,1012,1268,9332,3,neutral,0,Twitter for iPad,iOS,22800,Android,Abuwalid9999,???????????? ?????????????? 
I recommend you to use Salatuk v 1.3.4. 
Visit the links from your android phone. 
Salatuk v 1.3.4 {{http://t.co/ymDGSXx4qP
Fri  01 Mar 2013 23:09:21 +0000,324,218,9336,1,neutral,0,Twitter for iPad,iOS,21241,Android,CentsNoCash,I don't think I want another android
Fri  01 Mar 2013 23:13:44 +0000,793,1015,9339,8,positive,0,Twitter for iPad,iOS,21076,Android,LittlePrinceB,?@I_am_a_Leo: Sorry all my android froze :((?  put him in the microwave!!#defrost
Fri  01 Mar 2013 23:20:27 +0000,731,886,9344,1,positive,0,Twitter for iPad,iOS,25640,Android,TweetinLegend_,?@RuckaRuckaAli: Romney would have known the difference between Star Trek and Star Wars... he's actually half android himself.?
Fri  01 Mar 2013 18:39:58 +0000,2026,1691,9355,2,neutral,0,Twitter for iPhone,iOS,44990,Android,___aNs,@High_On_Android I'm thinking hot and spicy chicken!
Fri  01 Mar 2013 18:47:44 +0000,440,1813,9385,1,neutral,0,Twitter for iPhone,iOS,83,Android,TripScanners,Have you downloaded our FREE android app? Access over 2 million hotels worldwide. Save up to 80% now.  #tripscanners
Fri  01 Mar 2013 19:02:47 +0000,27,65,9421,0,neutral,0,Twitter for iPhone,iOS,612,Android,madrigalness408,Hit my phone replace thank u apple for ur shitty phones again gotta switch to android
Fri  01 Mar 2013 19:05:19 +0000,1062,1061,9435,2,positive,0,Twitter for iPhone,iOS,38738,Android,odlew11,@officialJROCKG @jdotdenmark23 it's on my android I'm upload it to the CPU and try to from there
Fri  01 Mar 2013 19:11:36 +0000,1094,588,9468,26,neutral,0,Twitter for iPhone,iOS,72023,Android,MaticgotblapzWB,?@DJBKnockin: Android sucks?fuck a Android da fuck is that
Fri  01 Mar 2013 19:11:39 +0000,77,67,9469,0,neutral,0,Twitter for iPhone,iOS,8696,Android,Dear_Romeo__,Super gay RT@aliciahurlz: if you have an android you're gay
Fri  01 Mar 2013 19:12:27 +0000,3151,239,9475,38,positive,0,Twitter for iPhone,iOS,11608,Android,TopFilmTip,True story of how a robot led apocalypse was averted by a boy  his psychotic mum &amp; an Austrian android-TERMINATOR 2: JUDGEMENT DAY 2255 ITV2
Fri  01 Mar 2013 19:15:36 +0000,59,213,9490,1,neutral,0,Twitter for iPhone,iOS,1088,Android,nathanbinding,@commonblob I can only speculate but maybe if you have and android home phone you could use it so it rings on there when you're at home?
Fri  01 Mar 2013 19:16:11 +0000,282,288,9494,1,neutral,0,Twitter for iPhone,iOS,40229,Android,treaa_xoxo,???? Kyron &amp; his stupid android ???? ugh
Fri  01 Mar 2013 19:17:10 +0000,72,58,9498,1,neutral,0,Twitter for iPhone,iOS,2858,Android,MadVillainVick,Fuck all you android dorks
Fri  01 Mar 2013 19:20:07 +0000,931,699,9515,8,neutral,0,Twitter for iPhone,iOS,17337,Android,Potterhead1234,@uSiriussss that's android for ya!
Fri  01 Mar 2013 19:23:57 +0000,435,112,9532,15,neutral,0,Twitter for iPhone,iOS,19350,Android,michelle_jung,@YSPWNS4E Stick with the Android unless you want a draining battery and to lose the ability to customize everything  haha.
Fri  01 Mar 2013 19:25:53 +0000,94,73,9544,0,negative,0,Twitter for iPhone,iOS,1431,Android,SAIW03,Also read another SC Android app will be released next week. Great news as the current Android app  for lack of a better word-bites!
Fri  01 Mar 2013 19:29:02 +0000,125,219,9554,4,neutral,0,Twitter for iPhone,iOS,257,Android,tc271,@WCOdevon Josh is that an android or apple app?
Fri  01 Mar 2013 19:31:52 +0000,524,198,9564,38,neutral,0,Twitter for iPhone,iOS,14423,Android,ArtMusicLife,@Lancebowski Oh and the developer is very responsive.  An email might speed up the Android version.
Fri  01 Mar 2013 19:32:10 +0000,1434,475,9565,53,negative,0,Twitter for iPhone,iOS,43475,Android,TheBlotSays,Gonna be killer! RT @deadzebra: Prepare to get lucky this month... #Android @shanejessup http://t.co/BAbBQJKcCu
Fri  01 Mar 2013 19:34:52 +0000,913,493,9580,3,neutral,0,Twitter for iPhone,iOS,26308,Android,d0vahkiin_,Haha sucks to have an android.
Fri  01 Mar 2013 19:36:42 +0000,17449,5,9590,144,neutral,0,Twitter for iPhone,iOS,11089,Android,NadiaPariss,Download it (Nadia Pariss wallpapers) for android only
Fri  01 Mar 2013 19:38:48 +0000,556,533,9597,1,positive,0,Twitter for iPhone,iOS,11930,Android,_dbaker1,Trappin off my android
Fri  01 Mar 2013 19:39:08 +0000,108,66,9598,0,neutral,0,Twitter for iPhone,iOS,9480,Android,MMTA7W,Dear android users  there's no buttons to the side of the home button on Apple devices  so stop acting like idiots
Fri  01 Mar 2013 19:39:54 +0000,91,175,9604,0,neutral,0,Twitter for iPhone,iOS,895,Android,Letursiaaa_,@SteadyRobbin still better than an android
Fri  01 Mar 2013 19:40:23 +0000,242,225,9608,0,neutral,0,Twitter for iPhone,iOS,14213,Android,remembershiyah,@StanleyFoster LOL neverrr   i had an android bud ..
Fri  01 Mar 2013 19:51:28 +0000,116,113,9621,0,neutral,0,Twitter for iPhone,iOS,3909,Android,lexii_danii,Sorry Android  but I can see clearly now how bad you suck.
Fri  01 Mar 2013 19:51:56 +0000,219,211,9625,1,neutral,0,Twitter for iPhone,iOS,10921,Android,B_Easy08,Android = Apple
Fri  01 Mar 2013 19:52:46 +0000,106,198,9628,2,neutral,0,Twitter for iPhone,iOS,7312,Android,DRinzauro,The little green android dude is on 27th st. About 5ft tall!!!
Fri  01 Mar 2013 19:53:28 +0000,172,150,9634,1,positive,0,Twitter for iPhone,iOS,1182,Android,ocitea,The #ABC 's of #Android game development: User input http://t.co/TpWFny810y
Fri  01 Mar 2013 19:54:47 +0000,1412,1372,9641,1,positive,0,Twitter for iPhone,iOS,18141,Android,young_carta_93,@Kishaaa_ the DIRT.  If I ever get another cracked screen I swear I'll be rockn an android
Fri  01 Mar 2013 19:57:34 +0000,56,176,9651,0,neutral,0,Twitter for iPhone,iOS,3773,Android,itseddiexx,@Emily_Christine I'm sure you could find it on google that's what I would do.  I never really used weather when I had android.
Fri  01 Mar 2013 19:59:40 +0000,194,491,9662,0,neutral,0,Twitter for iPhone,iOS,533,Android,Dylan_Mooney,@SeanHegarty5_ have ye not got a laptop or computer or a android tablet?
Fri  01 Mar 2013 20:05:27 +0000,3177,1660,9686,94,neutral,0,Twitter for iPhone,iOS,95300,Android,Unfamous_Celeb,Android needs to make an app compatible with iMessage.
Fri  01 Mar 2013 20:07:22 +0000,78,499,9694,0,neutral,0,Twitter for iPhone,iOS,470,Android,AliBali6t7,@renzotiger got 1 email ref: Android Tablet. Unfortunately I'm receiving texts from all other family members.
#fartoomany
Fri  01 Mar 2013 20:08:16 +0000,1680,267,9700,110,neutral,0,Twitter for iPhone,iOS,13948,Android,dot1ne,@barkerja_ not really  in my opinion only YouTube is tiny bit more polished  Gmail  Maps  G+  Current all perform and work better on Android
Fri  01 Mar 2013 20:08:29 +0000,51,70,9701,0,neutral,0,Twitter for iPhone,iOS,2274,Android,HumzaHumour,So I managed to get android apps working on my computer. So I had to give up the whole OS(WindowsAndroid) for just the apps(Blue stack)
Fri  01 Mar 2013 20:09:06 +0000,439,404,9703,0,neutral,0,Twitter for iPhone,iOS,10660,Android,Im_Queen_Bee,My boss didn't know what a android was she was like "the little green man right?"
Fri  01 Mar 2013 20:13:26 +0000,1045,952,9724,5,neutral,0,Twitter for iPhone,iOS,24348,Android,ShanaySays_,I need a charger for this phone! Anyone have a spare android charger?!
Fri  01 Mar 2013 20:13:29 +0000,284,236,9725,0,neutral,0,Twitter for iPhone,iOS,21229,Android,PBand_Jaimie,@sharing_iskaren this app you have that gives you money..they have it for android  too..it's hard to explain
Fri  01 Mar 2013 20:16:22 +0000,1110,810,9734,2,neutral,0,Twitter for iPhone,iOS,55784,Android,Hate_on_MINES,???????????????? she said "android users are like AKAs secretly hoping for a better way" ????????????????????
Fri  01 Mar 2013 20:20:52 +0000,658,377,9756,0,neutral,0,Twitter for iPhone,iOS,22772,Android,Zeke_Corleone,@J_Vice32 @girlsgonekyle7 @ejadajasmine @blaze23_johnny lmfaoooo whn James first got his Android
Fri  01 Mar 2013 20:22:12 +0000,812,756,9761,5,neutral,0,Twitter for iPhone,iOS,38031,Android,Poker_Face28,?@Hate_on_MINES: ???????????????? she said "android users are like AKAs secretly hoping for a better way" ????????????????????? omg ????????????
Fri  01 Mar 2013 20:24:27 +0000,1210,736,9774,3,neutral,0,Twitter for iPhone,iOS,34722,Android,AUUGHH,Started from a android now we're here ???? ???????????????
Fri  01 Mar 2013 20:26:11 +0000,2130,1287,9780,5,neutral,0,Twitter for iPhone,iOS,15425,Android,smsm747474,recommend you to use Qurani v 1.2.4. 
Visit the links from your android phone. 
Qurani v 1.2.4 ( http://t.co/ALSiFcZJtp
Fri  01 Mar 2013 20:32:06 +0000,2130,1287,9804,5,neutral,0,Twitter for iPhone,iOS,15426,Android,smsm747474,)

I recommend you to use Thousand Sunnah v 1.3. 
Visit the links from your android phone. 
Thousand Sunnah v 1.( http://t.co/yhHAvhGBpy )
Fri  01 Mar 2013 20:35:11 +0000,220,191,9814,0,neutral,0,Twitter for iPhone,iOS,12580,Android,MrsTiiney___,Fuck an Android ;)
Fri  01 Mar 2013 20:37:25 +0000,498,452,9827,3,neutral,0,Twitter for iPhone,iOS,16400,Android,lonzie_range,?@ay_2_fly7: @lonzie_range shiiii never that!!! Ima Android kinda guy lol? smh you gon learn someday!! *Kev Hart Voice*
Fri  01 Mar 2013 20:38:07 +0000,551,620,9832,5,positive,0,Twitter for iPhone,iOS,8809,Android,KoraBlagden,@davesargent @smiffysbar @barneybrazil @toryglenrangers @agentor73787152 Oops! ;) I'm sure it won't be long til it's on the android apps :)
Fri  01 Mar 2013 20:39:11 +0000,256,208,9839,0,neutral,0,Twitter for iPhone,iOS,1551,Android,Trevar_Martin,I ain't about that android life
Fri  01 Mar 2013 20:39:53 +0000,459,197,9842,1,neutral,0,Twitter for iPhone,iOS,12647,Android,geeivonne,@Semaje_ ????semaje  you had an android thats why!
Fri  01 Mar 2013 20:43:00 +0000,2996,1997,9859,9,neutral,0,Twitter for iPhone,iOS,18319,Android,Semaje_,I remember those days when i was team android. Started from the bottom now we here ????
Fri  01 Mar 2013 20:45:03 +0000,404,314,9864,2,neutral,0,Twitter for iPhone,iOS,14339,Android,BeardedBandittt,But then again my SnapChat was messed up...now I can't get videos from Android users. You can never have the best of both worlds....
Fri  01 Mar 2013 20:49:41 +0000,551,385,9887,2,neutral,0,Twitter for iPhone,iOS,36707,Android,MademoiselleDez,Android getting Instagram was THE biggest mistake.
Fri  01 Mar 2013 20:53:07 +0000,144,284,9906,3,positive,0,Twitter for iPhone,iOS,4828,Android,jd010980,Dominion Intrigue and Android: Netrunner. Need players. #games #bgg #yfc
Fri  01 Mar 2013 20:53:33 +0000,231,211,9908,0,neutral,0,Twitter for iPhone,iOS,26260,Android,BasedTacos,The majin buu saga is the greatest then then the cell saga then the android saga then then frieza.
Fri  01 Mar 2013 20:54:03 +0000,445,421,9911,2,neutral,0,Twitter for iPhone,iOS,11335,Android,Tash_Solo,@EfffinFabolous ???? I didn't even know android has auto correct too
Fri  01 Mar 2013 20:55:31 +0000,340,251,9918,0,positive,0,Twitter for iPhone,iOS,30564,Android,Aye_yo_itsDee,@imBeaming_ That's cute  cause I switched over to my android a month ago. ????????
Fri  01 Mar 2013 20:55:38 +0000,558,774,9919,17,positive,0,Twitter for iPhone,iOS,2923,Android,cindystarks,RT @MaryamatHP: Meet the new HP Slate7  powered by Android. http://t.co/X32qp5Jg1b "You had me at hello." @AFinnie ;)
Fri  01 Mar 2013 20:55:38 +0000,3448,1064,9920,8,neutral,0,Twitter for iPhone,iOS,1041,Android,instawedapp,Who has an android and wants to help out
Fri  01 Mar 2013 20:57:29 +0000,261,250,9931,0,negative,0,Twitter for iPhone,iOS,6676,Android,brittanylc_,@savannahpilates I can see ya android shit
Fri  01 Mar 2013 20:58:25 +0000,546,440,9934,0,neutral,0,Twitter for iPhone,iOS,6212,Android,callmebaldy,Lord my nanny just bought an android???? she hasn't had a cell phone in 8 years
Fri  01 Mar 2013 21:01:06 +0000,698,1319,9942,18,neutral,0,Twitter for iPhone,iOS,18695,Android,gingerninjadani,Is avg antivirus fro android any good?
Fri  01 Mar 2013 21:01:20 +0000,411,253,9943,14,neutral,0,Twitter for iPhone,iOS,4353,Android,DUBfromVA,NEW APP  stream music whenever  wherever.. If you have a android thanks !  http://t.co/yaV1doIlSR
Fri  01 Mar 2013 21:02:20 +0000,243,132,9948,0,neutral,0,Twitter for iPhone,iOS,7396,Android,YeaRightDoee,@natalicarmenn just get the app !! I have an android too lol
Fri  01 Mar 2013 21:03:34 +0000,345,303,9954,2,neutral,0,Twitter for iPhone,iOS,17498,Android,Edfor3,Leander got the android dude out there twearking
Fri  01 Mar 2013 21:07:53 +0000,5725,2535,9973,3,neutral,0,Twitter for iPhone,iOS,10501,Android,PerfLoveLife,@LifeOfAGFx it's an android app
Fri  01 Mar 2013 21:12:49 +0000,284,299,9996,0,negative,0,Twitter for iPhone,iOS,16871,Android,1badd_libra32,My mama done got her an android...she think she the shit now lmao
Fri  01 Mar 2013 21:15:14 +0000,953,681,10006,0,neutral,0,Twitter for iPhone,iOS,25198,Android,_kiyaboo,@ErnestFipps123 well idk   ask somebody who got a android
Fri  01 Mar 2013 21:15:35 +0000,938,1097,10008,1,neutral,0,Twitter for iPhone,iOS,429,Android,jrdam74,@Android_Tuning Followback
Fri  01 Mar 2013 21:16:31 +0000,5997,6560,10012,95,neutral,0,Twitter for iPhone,iOS,34569,Android,sloweatermvp,@Android_Tuning   #Preciate_The_Follow
Fri  01 Mar 2013 21:16:32 +0000,104,72,10013,4,negative,0,Twitter for iPhone,iOS,11574,Android,MyLifeAsJeMS,@GeezytaughtHer_ @_rudeboi101 the freedom of the android life is missed by me lol ????
Fri  01 Mar 2013 21:17:01 +0000,190,213,10015,1,neutral,0,Twitter for iPhone,iOS,3759,Android,LyleReasoner,@Gatsby4815 I used to have an android and I converted
Fri  01 Mar 2013 21:19:27 +0000,36,91,10026,1,positive,0,Twitter for iPhone,iOS,873,Android,porkchophamwich,@Irukanji_Cookie that link might help. I think I used to be able to do it from my old android phone.
Fri  01 Mar 2013 21:19:40 +0000,1057,879,10028,0,negative,0,Twitter for iPhone,iOS,14742,Android,ATripToLONDON,Guess Ill Be Trapping off this Android Til Monday
Fri  01 Mar 2013 21:28:20 +0000,352,301,10037,0,neutral,0,Twitter for iPhone,iOS,19176,Android,JhonDique,I remember when I had an Android
Fri  01 Mar 2013 21:28:26 +0000,534,758,10038,0,neutral,0,Twitter for iPhone,iOS,5044,Android,datniggamickel,@PrettyPreshay u got a android dnt u ...
Fri  01 Mar 2013 21:29:08 +0000,468,343,10043,0,neutral,0,Twitter for iPhone,iOS,37821,Android,h_o_d_g_e100,Back to a damn android ????
Fri  01 Mar 2013 21:31:17 +0000,673,659,10054,0,neutral,0,Twitter for iPhone,iOS,1647,Android,RachelCarey15,@camkeyes I thought you couldn't cause you had an android ????
Fri  01 Mar 2013 21:35:02 +0000,75,75,10081,0,neutral,0,Twitter for iPhone,iOS,2351,Android,lordkenobi,@4eyedballer krillen is nice! I forgot he had a girlfriend before android 18
Fri  01 Mar 2013 21:36:41 +0000,288,1106,10088,1,neutral,0,Twitter for iPhone,iOS,1707,Android,Poisontattoo94,@wood197302 not bad I'm only getting bout 3 on ee so pretty bad that's why I'm looking to switch and go android
Fri  01 Mar 2013 21:37:41 +0000,50,83,10092,0,neutral,0,Twitter for iPhone,iOS,1562,Android,StNick_212,@beynd_beauTful android... #Fail
Fri  01 Mar 2013 21:38:35 +0000,328,877,10099,0,positive,0,Twitter for iPhone,iOS,2358,Android,BlaqBecki,?@sneakersapp: Hey #sneakerheads if you are on Android download our App now http://t.co/PlL9lAVMeq and let's talk and share! @jordan22501
Fri  01 Mar 2013 21:39:38 +0000,1816,633,10105,1,neutral,0,Twitter for iPhone,iOS,20834,Android,T_RAWW95,@ihadatweetsome I don't think I could handle another android!
Fri  01 Mar 2013 21:40:33 +0000,677,938,10109,35,neutral,0,Twitter for iPhone,iOS,4736,Android,hatercopter,@gwvatieri You think android users are more averse to Facebook?
Fri  01 Mar 2013 21:46:54 +0000,1183,995,10143,1,neutral,0,Twitter for iPhone,iOS,59004,Android,RockerKillz,@TREEKASS i change it mine is a android now
Fri  01 Mar 2013 21:47:09 +0000,253,188,10145,0,negative,0,Twitter for iPhone,iOS,10446,Android,Joey_NVJO,I got a job dressed up like a android on Campbell drive everyone ride by and throw tomatoes at me
Fri  01 Mar 2013 21:48:41 +0000,61,455,10152,0,positive,0,Twitter for iPhone,iOS,1043,Android,AkronLovesYou6,#nowplaying Paranoid Android- Radiohead
Fri  01 Mar 2013 21:48:53 +0000,587,755,10154,1,positive,0,Twitter for iPhone,iOS,18434,Android,sayyyBAA_,I miss my android
Fri  01 Mar 2013 21:49:12 +0000,169,169,10155,1,neutral,0,Twitter for iPhone,iOS,10687,Android,divinamojica,Damn you android for not having flash player! #tabletproblems
Fri  01 Mar 2013 21:50:29 +0000,497,462,10162,16,negative,0,Twitter for iPhone,iOS,28594,Android,VerbalSpacey,You can tell who uses an Android device by the amount of typos in their tweets and texts.
Fri  01 Mar 2013 21:51:17 +0000,389,385,10163,1,positive,0,Twitter for iPhone,iOS,6708,Android,dhatbtch_23,Trappin Off My Android.
Fri  01 Mar 2013 21:52:18 +0000,416,324,10170,1,neutral,0,Twitter for iPhone,iOS,2724,Android,CanadianMamma,Real friends don't send emojis to android friends. #BeKind #UseEmoticons
Fri  01 Mar 2013 21:54:44 +0000,3096,393,10182,170,neutral,0,Twitter for iPhone,iOS,119744,Android,mauropm,@Saucerdk @learningti whats the content of the android section of your tiapp.xml?
Fri  01 Mar 2013 21:57:04 +0000,521,374,10189,1,negative,0,Twitter for iPhone,iOS,31115,Android,NiggasHatee,Look folks  my nigga got that ????&lt;- that's fire for android users lol. ?@Colby_Cash: @NiggasHatee new shit bra 


http://t.co/yy5r16SpRo?
Fri  01 Mar 2013 21:58:06 +0000,308,209,10197,0,neutral,0,Twitter for iPhone,iOS,17690,Android,Mimi_Kay_,I remember Kaytlyn's old android lol
Fri  01 Mar 2013 21:59:17 +0000,339,173,10202,0,neutral,0,Twitter for iPhone,iOS,9135,Android,_kaytlynee,it was shitttttyyy ?@Mimi_Kay_: I remember Kaytlyn's old android lol?
Fri  01 Mar 2013 22:01:57 +0000,278,60,10217,0,neutral,0,Twitter for iPhone,iOS,1947,Android,STayEVEN,Hopping on that android life soon! #fuckberry's
Fri  01 Mar 2013 22:02:04 +0000,390,262,10218,0,neutral,0,Twitter for iPhone,iOS,4416,Android,YOUNECK_iCURVE,Lmaoo negga got his mom income tax now he gotta android n used jordans lmaoo... I see u G ???
Fri  01 Mar 2013 22:03:25 +0000,1894,876,10228,3,negative,0,Twitter for iPhone,iOS,12766,Android,GossipBoyz,?@LaughorYawn: Your tweeting VIA ANDROID doesn't mean your IQ is higher than someone that tweets via NOKIA?
Fri  01 Mar 2013 22:03:40 +0000,246,76,10229,11,neutral,0,Twitter for iPhone,iOS,4168,Android,trejkaz,Android rendering issues seem like they have a practical benefit.
Fri  01 Mar 2013 22:03:44 +0000,143,196,10230,3,neutral,0,Twitter for iPhone,iOS,256,Android,Stevedpearce,@TheInstowArms Many thanks for the follow u can download a free apple or android app via http://t.co/Dma2QNPPow  Cheers Steve
Fri  01 Mar 2013 22:04:19 +0000,143,196,10235,3,neutral,0,Twitter for iPhone,iOS,257,Android,Stevedpearce,@LynBarefoot Many thanks for the follow u can download a free apple or android app via http://t.co/Dma2QNPPow  Cheers Steve
Fri  01 Mar 2013 22:04:49 +0000,143,196,10238,3,neutral,0,Twitter for iPhone,iOS,258,Android,Stevedpearce,@BudeWindows Many thanks for the follow u can download a free apple or android app via http://t.co/Dma2QNPPow  Cheers Steve
Fri  01 Mar 2013 22:05:09 +0000,479,193,10240,0,neutral,0,Twitter for iPhone,iOS,15953,Android,llanascarmen,@33Marifer you're new to the touch screen/android category
Fri  01 Mar 2013 22:06:13 +0000,234,247,10250,4,neutral,0,Twitter for iPhone,iOS,20609,Android,Al_Kaeda,I'd buy an android phone just for the Jellybean keyboard. It's beautiful  that's what it is.
Fri  01 Mar 2013 22:11:18 +0000,104,129,10273,3,positive,0,Twitter for iPhone,iOS,3411,Android,jguzikowski,@kevintheclever excuse me? Snood STILL is a thing..apparently they're on Android now (subject of the newsletter)
Fri  01 Mar 2013 22:13:15 +0000,426,393,10286,0,neutral,0,Twitter for iPhone,iOS,7085,Android,SLR_Sid,i want a android again !
Fri  01 Mar 2013 22:14:12 +0000,148,117,10295,0,neutral,0,Twitter for iPhone,iOS,629,Android,MakeItHaeske,Android autocorrect doesn't know "sorority"  further proving that they are the GDIs of the phone world
Fri  01 Mar 2013 22:14:18 +0000,815,558,10296,4,neutral,0,Twitter for iPhone,iOS,14155,Android,baddaxsjsb,?@100stackzSAMboe: I hate when yall use emojis ...i have an android so they jus appear as boxes? ????????
Fri  01 Mar 2013 22:14:21 +0000,462,144,10297,0,neutral,0,Twitter for iPhone,iOS,4970,Android,DanandPhiladict,@ElizaDanosaur1 well actually kindles are run on android lol
Fri  01 Mar 2013 22:15:57 +0000,828,591,10308,8,neutral,0,Twitter for iPhone,iOS,30339,Android,TiffyNicole15,just re downloaded foursquare on my phone and I hadn't used it since I had my android back in December ????
Fri  01 Mar 2013 22:15:59 +0000,790,787,10310,0,neutral,0,Twitter for iPhone,iOS,33121,Android,Iam_Trippz,k ?@freeMEjwor: I want Android Smiley's too :(?
Fri  01 Mar 2013 22:18:33 +0000,6,23,10321,0,negative,0,Twitter for iPhone,iOS,30,Android,HAILEESCHMITZ,If I'm a retarded android  does that make me a black berry??
Fri  01 Mar 2013 22:18:37 +0000,1418,2003,10322,38,neutral,0,Twitter for iPhone,iOS,24139,Android,apokaloptimist,@ExpectLulz i thought I was the only person on earth that hated Samsung android devices
Fri  01 Mar 2013 22:19:40 +0000,313,405,10325,8,neutral,0,Twitter for iPhone,iOS,4026,Android,catfyson,@xtiffyxx i was put off of android after suffering with a htc phone!
Fri  01 Mar 2013 22:21:40 +0000,339,437,10338,1,neutral,0,Twitter for iPhone,iOS,12904,Android,ellefontt,Never trust a bitch with an android! ???? @laurenstutes
Fri  01 Mar 2013 22:24:50 +0000,203,183,10351,0,negative,0,Twitter for iPhone,iOS,4106,Android,sandy_harkho,@Jeffrey_Barrrrr fuck yoo android' can't see me bitchhhh????????????
Fri  01 Mar 2013 22:29:55 +0000,118,111,10384,1,neutral,0,Twitter for iPhone,iOS,8062,Android,morgenisme,@nataliecraving yeah android sucks haha
Fri  01 Mar 2013 22:30:43 +0000,862,152,10391,1,neutral,0,Twitter for iPhone,iOS,14076,Android,magnisbane,@imagin3drag0ns ooh you have an android? AWW :((((
Fri  01 Mar 2013 22:32:42 +0000,3080,1165,10406,160,neutral,0,Twitter for iPhone,iOS,11743,Android,just1nbruce,.@ikersaldivar just told that the Android version of the new WKRN weather app is on the way in a week or so.
Fri  01 Mar 2013 22:33:01 +0000,313,405,10411,8,negative,0,Twitter for iPhone,iOS,4031,Android,catfyson,@xtiffyxx my boyfriends mum has the galaxy tab which is good but i've been put off android! #applesbitch
Fri  01 Mar 2013 22:35:02 +0000,487,263,10420,0,negative,0,Twitter for iPhone,iOS,20537,Android,BrenenDre,@LyonsJade android about to come my way lol
Fri  01 Mar 2013 22:35:56 +0000,873,474,10422,1,neutral,0,Twitter for iPhone,iOS,30465,Android,IDance_SheWatch,I want an android phone
Fri  01 Mar 2013 22:36:14 +0000,366,186,10423,9,neutral,0,Twitter for iPhone,iOS,10002,Android,adamwrobinson,@DYMongoose he attacked customers of smartphones which are flat featureless devices. Apple &amp; others too. A big part of which use Android.
Fri  01 Mar 2013 22:38:06 +0000,1230,943,10428,5,neutral,0,Twitter for iPhone,iOS,46717,Android,_LiyyahDee,When my echofon app starts tripping I switch to twitter for android
Fri  01 Mar 2013 22:38:08 +0000,832,507,10429,2,neutral,0,Twitter for iPhone,iOS,18877,Android,Not_That_Heroic,I don't think I'll ever go back to the android life by choice.
Fri  01 Mar 2013 22:42:04 +0000,892,1350,10446,2,neutral,0,Twitter for iPhone,iOS,192,Android,Sincipient820,The SQUATCHBOX is a must have app for every #squatcher or #bigfoot hunter out there...FREE on #Android
Fri  01 Mar 2013 22:43:18 +0000,1120,1065,10450,3,neutral,0,Twitter for iPhone,iOS,51392,Android,_Left_Eye,I had to fuckin leave work cause of @TrapGirl__Mimi for saying that this worker said an android is NOT a smart phone ????????????????????
Fri  01 Mar 2013 22:47:34 +0000,51,65,10467,0,positive,0,Twitter for iPhone,iOS,1214,Android,MadisonCrisler,I miss my android ... I liked that so much better at times
Fri  01 Mar 2013 22:47:54 +0000,501,488,10469,2,negative,0,Twitter for iPhone,iOS,24639,Android,ThatTaylorMonet,Couldn't answer my phone was completely dead android said swipe denied #HA
Fri  01 Mar 2013 22:49:11 +0000,9,1,10475,1,neutral,0,Twitter for iPhone,iOS,150,Android,Toeda57,And i still prefer Android. http://t.co/u0OPlLPbJT
Fri  01 Mar 2013 22:52:50 +0000,36,46,10486,0,negative,0,Twitter for iPhone,iOS,1295,Android,SumzNadeem,@javvieee it's a man. Get your facts right u android chicken nugget
Fri  01 Mar 2013 22:54:20 +0000,361,329,10494,3,neutral,0,Twitter for iPhone,iOS,11755,Android,Paidinfull912,@hey_MoeMoe lol yeah mane..I had an affair with android
Fri  01 Mar 2013 22:54:46 +0000,2369,984,10495,111,neutral,0,Twitter for iPhone,iOS,10515,Android,yocline,Like other old folks I'm just going to blame technology  specifically Android cc/ @JJSIII
Fri  01 Mar 2013 22:55:47 +0000,13010,8,10501,214,neutral,0,Twitter for iPhone,iOS,21176,Android,wnwnews,1024 #DirtSheet #Android installs!  See why all the hype https://t.co/DQ4uUfel1Y
Fri  01 Mar 2013 22:56:28 +0000,601,527,10503,0,neutral,0,Twitter for iPhone,iOS,18752,Android,YunngNatnFree,@dizzleduchess wordd !! mi nigga jus switch to Android or some :)
Fri  01 Mar 2013 22:58:02 +0000,101,194,10506,0,neutral,0,Twitter for iPhone,iOS,336,Android,SariKreines,?@timschwarz: just finished a runtastic run of 5.26 mi in 55m 14s with #runtastic PRO Android App: http://t.co/m5NccSrcsJ? awe yea #athletic
Fri  01 Mar 2013 22:59:07 +0000,3873,1179,10514,0,neutral,0,Twitter for iPhone,iOS,13192,Android,DB_FromRockwell,And a android nigga
Fri  01 Mar 2013 23:01:40 +0000,11,108,10525,0,neutral,0,Twitter for iPhone,iOS,575,Android,AmineSeventy3,I think we should take Google+ seriously as it is growing beside Twitter so that means Android too which means lots http://t.co/gVEdqBm9ez
Fri  01 Mar 2013 23:04:28 +0000,1111,1723,10538,6,neutral,0,Twitter for iPhone,iOS,23795,Android,UhitsLeeexo,Sending emojis to an android user just to annoy them ????
Fri  01 Mar 2013 23:05:32 +0000,215,213,10543,0,neutral,0,Twitter for iPhone,iOS,8326,Android,CamrynLaBoo,But I'd prefer the android????
Fri  01 Mar 2013 23:11:16 +0000,340,219,10565,2,neutral,0,Twitter for iPhone,iOS,20326,Android,Tago_the_Guez,Your team Android...
Fri  01 Mar 2013 23:15:34 +0000,391,385,10581,0,negative,0,Twitter for iPhone,iOS,15805,Android,LadyEhilton,?@Tru_ShesA_Bomb: I know ericka ain't just try play wit me wit no emojis?you Kno I did member u play with my old Android lls
Fri  01 Mar 2013 23:16:26 +0000,245,243,10586,1,neutral,0,Twitter for iPhone,iOS,5364,Android,MauryRell_,@CashDADDY_ oh thats the blow a bunch of useless android chargers smh
Fri  01 Mar 2013 23:17:51 +0000,492,97,10590,9,neutral,0,Twitter for iPhone,iOS,1746,Android,HiRezAPC,@peterloorke i gotta get someone with an android phone to see this baby in action. Well done though. Will share with others :)
Fri  01 Mar 2013 23:18:01 +0000,215,213,10593,0,neutral,0,Twitter for iPhone,iOS,8328,Android,CamrynLaBoo,Considering the android doesn't work????
Fri  01 Mar 2013 23:18:10 +0000,5986,612,10595,317,neutral,0,Twitter for iPhone,iOS,25167,Android,BenedictEvans,@charlesarthur @steveliput Acer was building a custom platform on top of Android. It was fragmenting it. That Moto phone doesn't do that
Fri  01 Mar 2013 23:21:52 +0000,5986,612,10609,317,neutral,0,Twitter for iPhone,iOS,25168,Android,BenedictEvans,The future of 'search' isn't a text box on a web page: it's deep device integration. That's why Android fragmentation is a problem.
Fri  01 Mar 2013 23:23:46 +0000,5986,612,10613,317,neutral,0,Twitter for iPhone,iOS,25169,Android,BenedictEvans,@davidchow I believe Samsung Android devices in China come without Google Play: https://t.co/9pW611unzA
Fri  01 Mar 2013 23:24:41 +0000,160,107,10616,7,neutral,0,Twitter for iPhone,iOS,940,Android,dylanbarrell,Standing room only for @pauljadam's Android #a11y presentation #csun13 http://t.co/eaoeEPGKVg
Fri  01 Mar 2013 23:25:34 +0000,453,439,10620,1,neutral,0,Twitter for iPhone,iOS,53965,Android,_BEasyDude,?@fatBOOTY_: if this android man doesn't stop parchutin' down my screen? lmfao
Fri  01 Mar 2013 23:26:50 +0000,220,226,10628,0,neutral,0,Twitter for iPhone,iOS,1799,Android,kayjayy90,Bac to android I'm about to go...
Fri  01 Mar 2013 23:28:13 +0000,17,48,10634,0,positive,0,Twitter for iPhone,iOS,481,Android,iamlemonfilm,How to better use my Android system at home? Hmmm ...
Fri  01 Mar 2013 23:28:55 +0000,26,46,10635,1,neutral,0,Twitter for iPhone,iOS,415,Android,mattack108,5mins later and the Android OS system(tm) has crashed. And I was just updating the apps. You Google call it stable system...
Fri  01 Mar 2013 23:30:45 +0000,16460,1034,10647,667,neutral,0,Twitter for iPhone,iOS,11960,Android,LaurenGoode,.@jack says he has high hopes for Android when @fredwilson asks about smartphone/tablet penetration (re: mobile payments) in emerging mkts
Fri  01 Mar 2013 23:31:09 +0000,11,108,10649,0,neutral,0,Twitter for iPhone,iOS,580,Android,AmineSeventy3,Anything u want knw on android jynx box follow the unique tutorial how to put Xbmc &amp; navix our fellow @xctechs YouTube for more info
Fri  01 Mar 2013 23:31:10 +0000,352,323,10650,0,neutral,0,Twitter for iPhone,iOS,51112,Android,azfaznurfurrr,@ina_loves26 too bad for android users. MUAHAHAHAHAHHA. ????????????????????????????????????
Fri  01 Mar 2013 23:31:11 +0000,174,274,10651,5,neutral,0,Twitter for iPhone,iOS,1703,Android,mandyvan,In the Android 4.2+ Accessibility session by @pauljadam @csun13
Fri  01 Mar 2013 23:35:15 +0000,140,131,10668,0,neutral,0,Twitter for iPhone,iOS,3099,Android,OhhLizyBabyy,@Edgar_92Till I didn't I had an android so iCloud wasn't there
Fri  01 Mar 2013 23:38:17 +0000,2058,480,10681,218,neutral,0,Twitter for iPhone,iOS,6791,Android,goodwitch,SRO for @pauljadam session on  Talkback &amp; Magnification #a11y in Android. 4.2+ #CSUN13
Fri  01 Mar 2013 23:40:10 +0000,196,200,10687,0,neutral,0,Twitter for iPhone,iOS,4781,Android,inee_27,@KingJaikope uhm .. BOOO you &amp;&amp; your android!! ha jk!
Fri  01 Mar 2013 23:31:29 +0000,195,394,12744,1,neutral,0,UberSocial Pro for iPhone,iOS,14702,Android,kurnia08lusy,BB off android on...
Fri  01 Mar 2013 19:04:34 +0000,222,197,12757,0,neutral,0,VEVO iPhone,iOS,4415,Android,DanielRomeo,I'm watching Right Here (Lyric Video) by Justin Bieber ft. Drake on @VEVO for Android. http://t.co/JbdPdbiwbs
Fri  01 Mar 2013 19:55:45 +0000,8,75,12758,0,neutral,0,VEVO iPhone,iOS,271,Android,AnitaMorlock,I'm watching The Best Day by Taylor Swift on @VEVO for Android. http://t.co/uleRHLwjrd
Fri  01 Mar 2013 19:57:39 +0000,8,75,12759,0,neutral,0,VEVO iPhone,iOS,272,Android,AnitaMorlock,Khloe is one lucky little girl I'm watching The Best Day by Taylor Swift on @VEVO for Android. http://t.co/uleRHLwjrd
Fri  01 Mar 2013 20:01:46 +0000,8,16,12760,0,neutral,0,VEVO iPhone,iOS,121,Android,rulasrulito,I'm watching Outside by George Michael on @VEVO for Android. http://t.co/uI6qqdIyuw
Fri  01 Mar 2013 20:03:09 +0000,1474,2008,12761,27,neutral,0,VEVO iPhone,iOS,43025,Android,WutsCrackinAZ,I'm watching On My Block by Scarface on @VEVO for Android. http://t.co/HxnFJ512rS
Fri  01 Mar 2013 20:03:18 +0000,8,16,12762,0,neutral,0,VEVO iPhone,iOS,122,Android,rulasrulito,I'm watching I'm Gonna Getcha Good! (Red Picture Version) by Shania Twain on @VEVO for Android. http://t.co/s9I4etEngD
Fri  01 Mar 2013 20:35:33 +0000,51,280,12763,0,neutral,0,VEVO iPhone,iOS,2252,Android,Dommecca22,I'm watching Diced Pineapples (Explicit) by Rick Ross ft. Wale &amp; Drake on @VEVO for Android. http://t.co/68vmJef0iF
Fri  01 Mar 2013 20:37:00 +0000,51,280,12764,0,neutral,0,VEVO iPhone,iOS,2253,Android,Dommecca22,I'm watching Headlines (Explicit) by Drake on @VEVO for Android. http://t.co/SLLsQlLMtQ
Fri  01 Mar 2013 20:37:49 +0000,33,223,12765,0,neutral,0,VEVO iPhone,iOS,1219,Android,andrelemos100,I'm watching The One That Got Away by Katy Perry on @VEVO for Android. http://t.co/ywN7qFJcMt
Fri  01 Mar 2013 21:13:55 +0000,6,29,12766,2,positive,0,VEVO iPhone,iOS,202,Android,anva6606,I'm watching Algo Me Gusta De Ti (Lyric Video) by Wisin &amp; Yandel ft. T-Pain &amp; Chris Brown on @VEVO for Android. http://t.co/6o51apceav
Fri  01 Mar 2013 21:43:49 +0000,104,308,12767,1,neutral,0,VEVO iPhone,iOS,953,Android,terrymayz,I'm watching Hey Porsche by Nelly on @VEVO for Android. http://t.co/gqPELUNcq6
Fri  01 Mar 2013 21:45:35 +0000,75,81,12768,1,neutral,0,VEVO iPhone,iOS,704,Android,PornKeuth,I'm watching Carried Away by Passion Pit on @VEVO for Android. http://t.co/FQXXvseVOq
Fri  01 Mar 2013 22:17:37 +0000,28,76,12769,0,neutral,0,VEVO iPhone,iOS,880,Android,TYCloser,I'm watching Major Distribution (Explicit) by 50 Cent ft. Young Jeezy &amp; Snoop Dogg on @VEVO for Android. http://t.co/Xx6m8ZIFo2
Fri  01 Mar 2013 22:29:23 +0000,96,365,12770,0,positive,0,VEVO iPhone,iOS,252,Android,theelmsctl2,I'm watching Next To Me by Emeli Sand?? on @VEVO for Android. http://t.co/1BhsQrlIKD
Fri  01 Mar 2013 22:59:06 +0000,0,1,12771,0,neutral,0,VEVO iPhone,iOS,10,Android,VevollcSf,I'm watching Right Side of the Bed by Atreyu on @VEVO for Android. http://t.co/L91gYgYBUf
Fri  01 Mar 2013 23:15:33 +0000,0,1,12772,0,neutral,0,VEVO iPhone,iOS,22,Android,god_dea,I'm watching One Way Or Another (Teenage Kicks) by One Direction on @VEVO for Android. http://t.co/D2X5U9tyTC
Fri  01 Mar 2013 23:18:52 +0000,6,37,12773,0,neutral,0,VEVO iPhone,iOS,17,Android,ddmothe,I'm watching Heart Attack (Official Lyric Video) by Demi Lovato on @VEVO for Android. http://t.co/qKrEavXIXs
Fri  01 Mar 2013 23:22:30 +0000,0,1,12774,0,neutral,0,VEVO iPhone,iOS,23,Android,god_dea,I'm watching The Ship Song by Nick Cave &amp; The Bad Seeds on @VEVO for Android. http://t.co/wuyQwt7WXL
Fri  01 Mar 2013 23:22:55 +0000,117,204,12775,0,neutral,0,VEVO iPhone,iOS,2255,Android,Miartinah,One Way Or Another (Teenage Kicks) by One Direction on @VEVO for Android. http://t.co/HLJffmxhVp come farti tornare il sorriso :')
Fri  01 Mar 2013 23:38:16 +0000,187,1115,12776,0,neutral,0,VEVO iPhone,iOS,783,Android,Entrt8nmtlove,I'm watching Skyscraper by Demi Lovato on @VEVO for Android. http://t.co/9Gyk5SgAL6
Fri  01 Mar 2013 18:56:14 +0000,199,1008,14852,12,neutral,0,Zite Personalized Magazine,iOS,1522,Android,compare_tablets,Amazon Android tablet app comes to the UK http://t.co/Rc2pffLOne
Fri  01 Mar 2013 21:41:08 +0000,163,169,14858,3,neutral,0,Zite Personalized Magazine,iOS,5959,Android,moniquekromhout,Android 4.2.2 AOSP code push now complete http://t.co/xGewJHXYko
Fri  01 Mar 2013 22:03:26 +0000,122,425,15161,2,neutral,0,Business Insider on iOS,iOS,1037,Android,Geuka,One Of Apple's Most Important Early Execs Is Now Helping Google With Android http://t.co/D6vvmVniSe via Business Insider
Fri  01 Mar 2013 19:25:46 +0000,1315,2000,15163,7,neutral,0,Camera on iOS,iOS,833,Android,raincrowgames,Clan Fangtastic threw an Initiation Party today adding 819 victims! http://t.co/KWdOVhpQHo #Gaming #Android http://t.co/g7tL9AByUJ
Fri  01 Mar 2013 18:47:32 +0000,382,2001,16082,4,neutral,0,eBay on iOS,iOS,2374,Android,Carol_Joann,#FreeShipping #NEW #OtterBox #Defender Series #Belt #Clip #Holster for #HTC #Inspire #Android  (Black): http://t.co/ly76cJs03p #ebaymobile
Fri  01 Mar 2013 19:32:24 +0000,1144,984,17883,0,negative,0,iOS,iOS,19066,Android,Gaby_arrr,Who's good with android phones and is tryna help me out real quick?
Fri  01 Mar 2013 22:02:18 +0000,102,68,17953,0,neutral,0,iOS,iOS,3571,Android,_iaaan,*hears android ringtone* *pukes*
Fri  01 Mar 2013 22:34:45 +0000,108,266,17975,0,neutral,0,iOS,iOS,8561,Android,Ali__Nikole,my grandpa got a tablet &amp; an android he's so hip
Fri  01 Mar 2013 23:22:23 +0000,1030,930,17997,0,positive,0,iOS,iOS,23025,Android,LillyMacSaidIt,How do u change tha font on an android? I see ppl wit other fonts and no tha factory norm. Hep me out plzz!!
Fri  01 Mar 2013 23:32:11 +0000,1281,573,18002,14,negative,0,iOS,iOS,56337,Android,ColorMeFly,I call this extra android phone I have my "iPad" cause it's so damn big lol.
Fri  01 Mar 2013 21:50:30 +0000,461,428,18540,13,negative,0,Osfoora for iOS,iOS,870,Android,mobevegas,What's your Lucky Number? Try our New Roulette on your mobile! WIN CASH NOW!! http://t.co/TA4JQo6B #mobile #android #Roulette #Games #casino
Fri  01 Mar 2013 17:23:29 +0000,112,98,18772,0,neutral,0,Photos on iOS,iOS,988,Android,ianabalos99,The good thing about SAMSUNG Grand (Android OS) is.. |@gjaninedxd | http://t.co/Ylkseonl5D
Fri  01 Mar 2013 22:45:38 +0000,200,123,18786,6,positive,0,Photos on iOS,iOS,12479,Android,thomaskee13,Hack  hack :) - Custom ROM on my Android Samsung Phone :) http://t.co/DQy9tpJIUI
Fri  01 Mar 2013 23:34:26 +0000,1697,260,19213,61,neutral,0,Reeder on iOS,iOS,53873,Android,Sensespoison,Japanese agency warns of information-stealing Android porn app http://t.co/utIwdDc4Ma
Fri  01 Mar 2013 19:51:03 +0000,526,1231,19291,18,neutral,0,Safari on iOS,iOS,762,Android,TudorJuravlea,GDG summoning Android developers in Bucharest http://t.co/0gDTaY14PR
Fri  01 Mar 2013 23:01:49 +0000,251,192,19293,8,neutral,0,Safari on iOS,iOS,4287,Android,paolomassa,The First ?E-Ink Android Smartphone? Unveiled  Offers 4 Weeks Battery-Life http://t.co/26DCpA3MYv
Fri  01 Mar 2013 22:04:22 +0000,1136,2000,19376,12,neutral,0,SkyGrid on iOS,iOS,6667,Android,CameronDigital,The New York Times Expands Flipboard Apps To Android &amp; Kindle Fire
http://t.co/DaraFeSwDa
Fri  01 Mar 2013 20:57:35 +0000,315,701,19593,3,neutral,0,TechCrunch on iOS,iOS,18496,Android,Mariorq14,Sony Xperia C670X Specs Leak  Suggesting A New Android Flagship To Take On The HTC One  @TechCrunch http://t.co/7oa9LQyLGx
Fri  01 Mar 2013 23:17:36 +0000,560,787,20479,30,neutral,0,Tweebie for iPhone,iOS,32689,Android,Dexwell_,@Will3942 Android is lame
Fri  01 Mar 2013 19:06:37 +0000,251,335,20957,13,neutral,0,Tweetbot for iOS,iOS,16951,Android,neapel,on that note  let?s check in with the Android crowd *opens hatch*
Fri  01 Mar 2013 19:36:03 +0000,27,75,20972,0,negative,0,Tweetbot for iOS,iOS,1337,Android,jetsetsonic,Also trying to understand how RR3 looks better on my 4S than my Nexus 7. Oh  that?s right  cause big devs don?t give two shits about Android
Fri  01 Mar 2013 19:37:11 +0000,414,123,20974,6,positive,0,Tweetbot for iOS,iOS,45805,Android,jayeshb,@weemundo @Harry_Jerry Mundo don?t make hipster emotes. :(

I miss emojis on android. That?s all btw. Everything else is pretty good.
Fri  01 Mar 2013 19:59:48 +0000,403,322,20988,20,neutral,0,Tweetbot for iOS,iOS,1098,Android,jason_madsen,Found an android tablet on a bench. Found owners email. Sent email. Any other ideas on how to contact them? http://t.co/JaVYJcoF5R
Fri  01 Mar 2013 20:16:38 +0000,248,53,21002,10,negative,0,Tweetbot for iOS,iOS,12913,Android,chaensel,Honestly  the HTC One X feels cheap  and Android is  in my opinion  for kids. Anybody wants to trade his Lumia for my HTC One X? :P #asif
Fri  01 Mar 2013 20:26:25 +0000,79,83,21011,1,neutral,0,Tweetbot for iOS,iOS,718,Android,ricopenguin,@PrivateFC You are too nice so don't don't worry. I have planted an explosive surprise in her Android gingerbread sandwich #kAbLaMmO xD
Fri  01 Mar 2013 20:35:11 +0000,225,173,21014,8,neutral,0,Tweetbot for iOS,iOS,1221,Android,mattrosno,Didn?t know how emoji-dependent I was until texting an android user. HOW DO I EXPRESS MYSELF?
Fri  01 Mar 2013 20:58:53 +0000,407,485,21034,6,neutral,0,Tweetbot for iOS,iOS,2443,Android,shawncase,Asana launches Android App! | Best project management software I've used! http://t.co/9Ca6gTjvs5
Fri  01 Mar 2013 21:05:33 +0000,57,177,21039,2,negative,0,Tweetbot for iOS,iOS,1344,Android,gerrit77,I don?t need fliers from a cremation service. I need a service that promises to put my brain into an android body so I can live forever.
Fri  01 Mar 2013 21:19:27 +0000,62,255,21050,0,neutral,0,Tweetbot for iOS,iOS,2982,Android,Heinrich0711,@pierrefitch I love Android OS but worried about battery life &amp; long term durability
Fri  01 Mar 2013 21:19:27 +0000,62,255,21051,0,neutral,0,Tweetbot for iOS,iOS,2981,Android,Heinrich0711,@pierrefitch I love Android OS but worried about battery life &amp; long term durability
Fri  01 Mar 2013 21:20:28 +0000,262,300,21053,0,neutral,0,Tweetbot for iOS,iOS,9200,Android,DeanAJMaiden,@RobinSchrijvers have you tried 8tracks yet. It works on android and on the Internet.
Fri  01 Mar 2013 21:32:11 +0000,226,527,21058,8,positive,0,Tweetbot for iOS,iOS,8076,Android,AtomicPlayb0y,@DylanReeve @nzben @freitasm @billbennettnz RIM and android may as well be dead to business.
Fri  01 Mar 2013 21:45:37 +0000,993,129,21066,12,neutral,0,Tweetbot for iOS,iOS,20815,Android,TwiPony,@vanillaooc android?
Fri  01 Mar 2013 22:23:43 +0000,1234,496,21086,78,neutral,0,Tweetbot for iOS,iOS,14709,Android,nachimir,@missdoda @Pyroka: @rossaluss sailed up to 27s on first go at hyper hexagonest on my ithing  after switching from android.
Fri  01 Mar 2013 22:57:13 +0000,118,154,21101,3,negative,0,Tweetbot for iOS,iOS,11057,Android,TheRealBigMark,S4 gone have Android 4.3 and S3 gone be stuck on 4.1 lmaoooooo
Fri  01 Mar 2013 22:58:35 +0000,118,154,21102,3,neutral,0,Tweetbot for iOS,iOS,11058,Android,TheRealBigMark,Best manufacturer of Android phones based off  OS upgrade support is HTC
Fri  01 Mar 2013 23:06:41 +0000,800,312,21108,32,positive,0,Tweetbot for iOS,iOS,50237,Android,emslj,@ollyk81 Congratulations  that has joined @lottiens? cow battery life indicator as the only things to ever make me wish I had an Android.
Fri  01 Mar 2013 23:16:47 +0000,202,192,21116,15,neutral,0,Tweetbot for iOS,iOS,6549,Android,SpeckK,@elforesto @fruhwirth I pay ~$25 a month for an Android phone as long as I don't use much data https://t.co/QwLWBKKvrZ
Fri  01 Mar 2013 23:20:23 +0000,712,396,21123,57,neutral,0,Tweetbot for iOS,iOS,73600,Android,OohCrystal,@SincerelyDavis I hate the android operating software so mehhhhhh
Fri  01 Mar 2013 23:33:45 +0000,343,535,21131,7,neutral,0,Tweetbot for iOS,iOS,2279,Android,SessionBlogger,@bomaya Great choices. My Top 3 would have been 1. Paranoid Android  2. Let Down  3. Reckoner.
Fri  01 Mar 2013 20:35:15 +0000,78,169,21295,2,neutral,0,TweetCaster for iOS,iOS,1316,Android,ouijella,I need an android tablet!
Fri  01 Mar 2013 22:00:00 +0000,2504,213,21298,4,negative,0,TweetCaster for iOS,iOS,35732,Android,DistrictGalaxxy,@BassHeadMiguel shush up. Speaking that nonsense! Possessed by the android demons &amp; shit. Ahah
Fri  01 Mar 2013 22:16:10 +0000,288,301,21299,10,neutral,0,TweetCaster for iOS,iOS,21869,Android,JasinIsTrouble,Lol not for another 2 yrs grl RT @INYRMOUTH87: @JasinIsTrouble girl come back to android
Fri  01 Mar 2013 22:21:52 +0000,1374,996,21300,9,positive,0,TweetCaster for iOS,iOS,59097,Android,LouDaddie_RDC,@leila_mob lmaoo I was playin that shit is long gone... It was back in my Android days
Fri  01 Mar 2013 22:24:40 +0000,1374,996,21301,9,positive,0,TweetCaster for iOS,iOS,59100,Android,LouDaddie_RDC,@leila_mob it means that my android phone saved it.. Like I said its in a dumpster somewhere gurl your body ain't that vicious
Fri  01 Mar 2013 22:51:05 +0000,346,303,21302,3,negative,0,TweetCaster for iOS,iOS,27877,Android,ReadEm_ndWeep,Sorry android users all my tweets gonna have and emoji from now on #Team????
Fri  01 Mar 2013 23:29:18 +0000,286,284,21304,0,neutral,0,TweetCaster for iOS,iOS,6263,Android,MaddDoggMiller,@LateCold the android version is coming out soon. It's totally worth the download.
Fri  01 Mar 2013 22:39:00 +0000,213,158,21648,3,neutral,0,Tweetings for  iPhone,iOS,48579,Android,Brol1kTheGreat,@MrViZZiATO is it dropping for AT&amp;T? I'm actually looking for an android phone nexus or htc one X to toy with.
Fri  01 Mar 2013 22:54:03 +0000,1181,202,21649,30,neutral,0,Tweetings for  iPhone,iOS,15473,Android,codedit,@DojiSaber I don't know  I'm not an android developer... Ask on an android development forum.
Fri  01 Mar 2013 23:20:14 +0000,312,332,21656,3,positive,0,TweetList!,iOS,43976,Android,CashDADDY_,@MauryRell_ I know ! Niggas wanna be on that bumass  android flow
Fri  01 Mar 2013 19:09:47 +0000,186,254,24049,0,neutral,0,Twitter for iPad,iOS,1537,Android,emreaksoyGS,@zekikayahan Android
Fri  01 Mar 2013 19:30:15 +0000,522,1540,24068,36,neutral,0,Twitter for iPad,iOS,7611,Android,justicejr,@wacom's new tablet device will run Android. Just guessing.
Fri  01 Mar 2013 20:24:03 +0000,3,35,24092,0,positive,0,Twitter for iPad,iOS,206,Android,shadow3vil,Android is better than apple just because Android can watch Flash videos. Okay because Flash makes it all better. :P http://t.co/iuwmyeiRnx
Fri  01 Mar 2013 20:36:57 +0000,20,171,24102,0,positive,0,Twitter for iPad,iOS,288,Android,Ryanlight29,@9to5Google Another day  another "me too" Android tablet. *Yawn*. Can't imagine it would sell really well.
Fri  01 Mar 2013 20:40:04 +0000,1111,1996,24104,23,neutral,0,Twitter for iPad,iOS,6833,Android,android_no,Android tiene mucho LAG
http://t.co/ZWZ3Nb801e
Fri  01 Mar 2013 20:41:20 +0000,583,252,24105,0,neutral,0,Twitter for iPad,iOS,3769,Android,Mariaaax_x,Touch pal keyboard on android is similar to swift key  but swift key is better.
Fri  01 Mar 2013 21:11:10 +0000,887,529,24127,8,neutral,0,Twitter for iPad,iOS,146075,Android,razer_i7,@NerdyFTW @nickba lol android doesn't have it any more either
Fri  01 Mar 2013 21:18:44 +0000,178,157,24134,0,positive,0,Twitter for iPad,iOS,7694,Android,DjNezzyNezz,@android_andy bitch just text me. #chchbang
Fri  01 Mar 2013 21:39:43 +0000,242,624,24143,4,neutral,0,Twitter for iPad,iOS,1874,Android,gadamak,The HP Slate 7 tablet with Android OS is a fully featured tablet that brings your world down to size.
Fri  01 Mar 2013 21:40:06 +0000,1750,1848,24144,37,neutral,0,Twitter for iPad,iOS,6725,Android,codfather,Have to say after several weeks playing with Android 4.2   the Android devs have really nailed this OS. Fast  Usable and intuitive 10/10
Fri  01 Mar 2013 21:44:38 +0000,210,223,24152,0,negative,0,Twitter for iPad,iOS,10521,Android,mbrkbichi,?@LaughorYawn: Your tweeting VIA ANDROID doesn't mean your IQ is higher than someone that tweets via NOKIA? haha
Fri  01 Mar 2013 21:50:05 +0000,550,229,24157,2,negative,0,Twitter for iPad,iOS,2932,Android,Aysha_muah,?@tHe_sMoOcHy: u r tweeting VIA ANDROID doesn't mean your IQ is higher than someone that tweets via NOKIA?
Fri  01 Mar 2013 21:50:35 +0000,246,163,24158,0,negative,0,Twitter for iPad,iOS,14235,Android,Pietrosparks,K ?@fr3sh_ish: Your tweeting VIA ANDROID doesn't mean your IQ is higher than someone that tweets via NOKIA?
Fri  01 Mar 2013 21:59:19 +0000,357,399,24161,7,neutral,0,Twitter for iPad,iOS,7902,Android,tjsynkral,@DraakSwifttail That's an Android problem. Any keyboard that doesn't have it is violating the Android IME requirements.
Fri  01 Mar 2013 22:10:19 +0000,26,89,24168,0,neutral,0,Twitter for iPad,iOS,545,Android,blomgren23,@droid_life: Final contest:  Win a Nexus 10 16GB from Droid Life! http://t.co/21ovoUTWrN #android
Fri  01 Mar 2013 22:16:15 +0000,875,680,24178,26,neutral,0,Twitter for iPad,iOS,24653,Android,springrose12,@Mruff221 But you are the most perfect android I've ever met. Technology is really improving:)
Fri  01 Mar 2013 22:24:08 +0000,504,653,24182,3,neutral,0,Twitter for iPad,iOS,2291,Android,perossmeisl,?@pyle_sandy: Now It's Their Turn to Tighten Belts  http://t.co/aEjJW45JGb - Sent via the FOX News Android

AMEN!!! http://t.co/t0AeMhDs1y
Fri  01 Mar 2013 22:27:45 +0000,373,373,24185,2,positive,0,Twitter for iPad,iOS,31094,Android,AyoAshezSays,Went burger king yesterday for the first time ! Wid dawn .. We saw dutty android ... I wont even comment on the food i had :/
Fri  01 Mar 2013 22:58:26 +0000,42,146,24199,0,neutral,0,Twitter for iPad,iOS,440,Android,ZedKunda,The more I research the more I want an #XperiaZ it is stunning #android perfection
Fri  01 Mar 2013 23:00:27 +0000,1012,1268,24200,3,neutral,0,Twitter for iPad,iOS,22800,Android,Abuwalid9999,???????????? ?????????????? 
I recommend you to use Salatuk v 1.3.4. 
Visit the links from your android phone. 
Salatuk v 1.3.4 {{http://t.co/ymDGSXx4qP
Fri  01 Mar 2013 23:09:21 +0000,324,218,24204,1,neutral,0,Twitter for iPad,iOS,21241,Android,CentsNoCash,I don't think I want another android
Fri  01 Mar 2013 23:13:44 +0000,793,1015,24207,8,positive,0,Twitter for iPad,iOS,21076,Android,LittlePrinceB,?@I_am_a_Leo: Sorry all my android froze :((?  put him in the microwave!!#defrost
Fri  01 Mar 2013 23:20:27 +0000,731,886,24212,1,positive,0,Twitter for iPad,iOS,25640,Android,TweetinLegend_,?@RuckaRuckaAli: Romney would have known the difference between Star Trek and Star Wars... he's actually half android himself.?
Fri  01 Mar 2013 18:39:58 +0000,2026,1691,24223,2,neutral,0,Twitter for iPhone,iOS,44990,Android,___aNs,@High_On_Android I'm thinking hot and spicy chicken!
Fri  01 Mar 2013 18:47:44 +0000,440,1813,24253,1,neutral,0,Twitter for iPhone,iOS,83,Android,TripScanners,Have you downloaded our FREE android app? Access over 2 million hotels worldwide. Save up to 80% now.  #tripscanners
Fri  01 Mar 2013 19:02:47 +0000,27,65,24289,0,neutral,0,Twitter for iPhone,iOS,612,Android,madrigalness408,Hit my phone replace thank u apple for ur shitty phones again gotta switch to android
Fri  01 Mar 2013 19:05:19 +0000,1062,1061,24303,2,positive,0,Twitter for iPhone,iOS,38738,Android,odlew11,@officialJROCKG @jdotdenmark23 it's on my android I'm upload it to the CPU and try to from there
Fri  01 Mar 2013 19:11:36 +0000,1094,588,24336,26,neutral,0,Twitter for iPhone,iOS,72023,Android,MaticgotblapzWB,?@DJBKnockin: Android sucks?fuck a Android da fuck is that
Fri  01 Mar 2013 19:11:39 +0000,77,67,24337,0,neutral,0,Twitter for iPhone,iOS,8696,Android,Dear_Romeo__,Super gay RT@aliciahurlz: if you have an android you're gay
Fri  01 Mar 2013 19:12:27 +0000,3151,239,24343,38,positive,0,Twitter for iPhone,iOS,11608,Android,TopFilmTip,True story of how a robot led apocalypse was averted by a boy  his psychotic mum &amp; an Austrian android-TERMINATOR 2: JUDGEMENT DAY 2255 ITV2
Fri  01 Mar 2013 19:15:36 +0000,59,213,24358,1,neutral,0,Twitter for iPhone,iOS,1088,Android,nathanbinding,@commonblob I can only speculate but maybe if you have and android home phone you could use it so it rings on there when you're at home?
Fri  01 Mar 2013 19:16:11 +0000,282,288,24362,1,neutral,0,Twitter for iPhone,iOS,40229,Android,treaa_xoxo,???? Kyron &amp; his stupid android ???? ugh
Fri  01 Mar 2013 19:17:10 +0000,72,58,24366,1,neutral,0,Twitter for iPhone,iOS,2858,Android,MadVillainVick,Fuck all you android dorks
Fri  01 Mar 2013 19:20:07 +0000,931,699,24383,8,neutral,0,Twitter for iPhone,iOS,17337,Android,Potterhead1234,@uSiriussss that's android for ya!
Fri  01 Mar 2013 19:23:57 +0000,435,112,24400,15,neutral,0,Twitter for iPhone,iOS,19350,Android,michelle_jung,@YSPWNS4E Stick with the Android unless you want a draining battery and to lose the ability to customize everything  haha.
Fri  01 Mar 2013 19:25:53 +0000,94,73,24412,0,negative,0,Twitter for iPhone,iOS,1431,Android,SAIW03,Also read another SC Android app will be released next week. Great news as the current Android app  for lack of a better word-bites!
Fri  01 Mar 2013 19:29:02 +0000,125,219,24422,4,neutral,0,Twitter for iPhone,iOS,257,Android,tc271,@WCOdevon Josh is that an android or apple app?
Fri  01 Mar 2013 19:31:52 +0000,524,198,24432,38,neutral,0,Twitter for iPhone,iOS,14423,Android,ArtMusicLife,@Lancebowski Oh and the developer is very responsive.  An email might speed up the Android version.
Fri  01 Mar 2013 19:32:10 +0000,1434,475,24433,53,negative,0,Twitter for iPhone,iOS,43475,Android,TheBlotSays,Gonna be killer! RT @deadzebra: Prepare to get lucky this month... #Android @shanejessup http://t.co/BAbBQJKcCu
Fri  01 Mar 2013 19:34:52 +0000,913,493,24448,3,neutral,0,Twitter for iPhone,iOS,26308,Android,d0vahkiin_,Haha sucks to have an android.
Fri  01 Mar 2013 19:36:42 +0000,17449,5,24458,144,neutral,0,Twitter for iPhone,iOS,11089,Android,NadiaPariss,Download it (Nadia Pariss wallpapers) for android only
Fri  01 Mar 2013 19:38:48 +0000,556,533,24465,1,positive,0,Twitter for iPhone,iOS,11930,Android,_dbaker1,Trappin off my android
Fri  01 Mar 2013 19:39:08 +0000,108,66,24466,0,neutral,0,Twitter for iPhone,iOS,9480,Android,MMTA7W,Dear android users  there's no buttons to the side of the home button on Apple devices  so stop acting like idiots
Fri  01 Mar 2013 19:39:54 +0000,91,175,24472,0,neutral,0,Twitter for iPhone,iOS,895,Android,Letursiaaa_,@SteadyRobbin still better than an android
Fri  01 Mar 2013 19:40:23 +0000,242,225,24476,0,neutral,0,Twitter for iPhone,iOS,14213,Android,remembershiyah,@StanleyFoster LOL neverrr   i had an android bud ..
Fri  01 Mar 2013 19:51:28 +0000,116,113,24489,0,neutral,0,Twitter for iPhone,iOS,3909,Android,lexii_danii,Sorry Android  but I can see clearly now how bad you suck.
Fri  01 Mar 2013 19:51:56 +0000,219,211,24493,1,neutral,0,Twitter for iPhone,iOS,10921,Android,B_Easy08,Android = Apple
Fri  01 Mar 2013 19:52:46 +0000,106,198,24496,2,neutral,0,Twitter for iPhone,iOS,7312,Android,DRinzauro,The little green android dude is on 27th st. About 5ft tall!!!
Fri  01 Mar 2013 19:53:28 +0000,172,150,24502,1,positive,0,Twitter for iPhone,iOS,1182,Android,ocitea,The #ABC 's of #Android game development: User input http://t.co/TpWFny810y
Fri  01 Mar 2013 19:54:47 +0000,1412,1372,24509,1,positive,0,Twitter for iPhone,iOS,18141,Android,young_carta_93,@Kishaaa_ the DIRT.  If I ever get another cracked screen I swear I'll be rockn an android
Fri  01 Mar 2013 19:57:34 +0000,56,176,24519,0,neutral,0,Twitter for iPhone,iOS,3773,Android,itseddiexx,@Emily_Christine I'm sure you could find it on google that's what I would do.  I never really used weather when I had android.
Fri  01 Mar 2013 19:59:40 +0000,194,491,24530,0,neutral,0,Twitter for iPhone,iOS,533,Android,Dylan_Mooney,@SeanHegarty5_ have ye not got a laptop or computer or a android tablet?
Fri  01 Mar 2013 20:05:27 +0000,3177,1660,24554,94,neutral,0,Twitter for iPhone,iOS,95300,Android,Unfamous_Celeb,Android needs to make an app compatible with iMessage.
Fri  01 Mar 2013 20:07:22 +0000,78,499,24562,0,neutral,0,Twitter for iPhone,iOS,470,Android,AliBali6t7,@renzotiger got 1 email ref: Android Tablet. Unfortunately I'm receiving texts from all other family members.
#fartoomany
Fri  01 Mar 2013 20:08:16 +0000,1680,267,24568,110,neutral,0,Twitter for iPhone,iOS,13948,Android,dot1ne,@barkerja_ not really  in my opinion only YouTube is tiny bit more polished  Gmail  Maps  G+  Current all perform and work better on Android
Fri  01 Mar 2013 20:08:29 +0000,51,70,24569,0,neutral,0,Twitter for iPhone,iOS,2274,Android,HumzaHumour,So I managed to get android apps working on my computer. So I had to give up the whole OS(WindowsAndroid) for just the apps(Blue stack)
Fri  01 Mar 2013 20:09:06 +0000,439,404,24571,0,neutral,0,Twitter for iPhone,iOS,10660,Android,Im_Queen_Bee,My boss didn't know what a android was she was like "the little green man right?"
Fri  01 Mar 2013 20:13:26 +0000,1045,952,24592,5,neutral,0,Twitter for iPhone,iOS,24348,Android,ShanaySays_,I need a charger for this phone! Anyone have a spare android charger?!
Fri  01 Mar 2013 20:13:29 +0000,284,236,24593,0,neutral,0,Twitter for iPhone,iOS,21229,Android,PBand_Jaimie,@sharing_iskaren this app you have that gives you money..they have it for android  too..it's hard to explain
Fri  01 Mar 2013 20:16:22 +0000,1110,810,24602,2,neutral,0,Twitter for iPhone,iOS,55784,Android,Hate_on_MINES,???????????????? she said "android users are like AKAs secretly hoping for a better way" ????????????????????
Fri  01 Mar 2013 20:20:52 +0000,658,377,24624,0,neutral,0,Twitter for iPhone,iOS,22772,Android,Zeke_Corleone,@J_Vice32 @girlsgonekyle7 @ejadajasmine @blaze23_johnny lmfaoooo whn James first got his Android
Fri  01 Mar 2013 20:22:12 +0000,812,756,24629,5,neutral,0,Twitter for iPhone,iOS,38031,Android,Poker_Face28,?@Hate_on_MINES: ???????????????? she said "android users are like AKAs secretly hoping for a better way" ????????????????????? omg ????????????
Fri  01 Mar 2013 20:24:27 +0000,1210,736,24642,3,neutral,0,Twitter for iPhone,iOS,34722,Android,AUUGHH,Started from a android now we're here ???? ???????????????
Fri  01 Mar 2013 20:26:11 +0000,2130,1287,24648,5,neutral,0,Twitter for iPhone,iOS,15425,Android,smsm747474,recommend you to use Qurani v 1.2.4. 
Visit the links from your android phone. 
Qurani v 1.2.4 ( http://t.co/ALSiFcZJtp
Fri  01 Mar 2013 20:32:06 +0000,2130,1287,24672,5,neutral,0,Twitter for iPhone,iOS,15426,Android,smsm747474,)

I recommend you to use Thousand Sunnah v 1.3. 
Visit the links from your android phone. 
Thousand Sunnah v 1.( http://t.co/yhHAvhGBpy )
Fri  01 Mar 2013 20:35:11 +0000,220,191,24682,0,neutral,0,Twitter for iPhone,iOS,12580,Android,MrsTiiney___,Fuck an Android ;)
Fri  01 Mar 2013 20:37:25 +0000,498,452,24695,3,neutral,0,Twitter for iPhone,iOS,16400,Android,lonzie_range,?@ay_2_fly7: @lonzie_range shiiii never that!!! Ima Android kinda guy lol? smh you gon learn someday!! *Kev Hart Voice*
Fri  01 Mar 2013 20:38:07 +0000,551,620,24700,5,positive,0,Twitter for iPhone,iOS,8809,Android,KoraBlagden,@davesargent @smiffysbar @barneybrazil @toryglenrangers @agentor73787152 Oops! ;) I'm sure it won't be long til it's on the android apps :)
Fri  01 Mar 2013 20:39:11 +0000,256,208,24707,0,neutral,0,Twitter for iPhone,iOS,1551,Android,Trevar_Martin,I ain't about that android life
Fri  01 Mar 2013 20:39:53 +0000,459,197,24710,1,neutral,0,Twitter for iPhone,iOS,12647,Android,geeivonne,@Semaje_ ????semaje  you had an android thats why!
Fri  01 Mar 2013 20:43:00 +0000,2996,1997,24727,9,neutral,0,Twitter for iPhone,iOS,18319,Android,Semaje_,I remember those days when i was team android. Started from the bottom now we here ????
Fri  01 Mar 2013 20:45:03 +0000,404,314,24732,2,neutral,0,Twitter for iPhone,iOS,14339,Android,BeardedBandittt,But then again my SnapChat was messed up...now I can't get videos from Android users. You can never have the best of both worlds....
Fri  01 Mar 2013 20:49:41 +0000,551,385,24755,2,neutral,0,Twitter for iPhone,iOS,36707,Android,MademoiselleDez,Android getting Instagram was THE biggest mistake.
Fri  01 Mar 2013 20:53:07 +0000,144,284,24774,3,positive,0,Twitter for iPhone,iOS,4828,Android,jd010980,Dominion Intrigue and Android: Netrunner. Need players. #games #bgg #yfc
Fri  01 Mar 2013 20:53:33 +0000,231,211,24776,0,neutral,0,Twitter for iPhone,iOS,26260,Android,BasedTacos,The majin buu saga is the greatest then then the cell saga then the android saga then then frieza.
Fri  01 Mar 2013 20:54:03 +0000,445,421,24779,2,neutral,0,Twitter for iPhone,iOS,11335,Android,Tash_Solo,@EfffinFabolous ???? I didn't even know android has auto correct too
Fri  01 Mar 2013 20:55:31 +0000,340,251,24786,0,positive,0,Twitter for iPhone,iOS,30564,Android,Aye_yo_itsDee,@imBeaming_ That's cute  cause I switched over to my android a month ago. ????????
Fri  01 Mar 2013 20:55:38 +0000,558,774,24787,17,positive,0,Twitter for iPhone,iOS,2923,Android,cindystarks,RT @MaryamatHP: Meet the new HP Slate7  powered by Android. http://t.co/X32qp5Jg1b "You had me at hello." @AFinnie ;)
Fri  01 Mar 2013 20:55:38 +0000,3448,1064,24788,8,neutral,0,Twitter for iPhone,iOS,1041,Android,instawedapp,Who has an android and wants to help out
Fri  01 Mar 2013 20:57:29 +0000,261,250,24799,0,negative,0,Twitter for iPhone,iOS,6676,Android,brittanylc_,@savannahpilates I can see ya android shit
Fri  01 Mar 2013 20:58:25 +0000,546,440,24802,0,neutral,0,Twitter for iPhone,iOS,6212,Android,callmebaldy,Lord my nanny just bought an android???? she hasn't had a cell phone in 8 years
Fri  01 Mar 2013 21:01:06 +0000,698,1319,24810,18,neutral,0,Twitter for iPhone,iOS,18695,Android,gingerninjadani,Is avg antivirus fro android any good?
Fri  01 Mar 2013 21:01:20 +0000,411,253,24811,14,neutral,0,Twitter for iPhone,iOS,4353,Android,DUBfromVA,NEW APP  stream music whenever  wherever.. If you have a android thanks !  http://t.co/yaV1doIlSR
Fri  01 Mar 2013 21:02:20 +0000,243,132,24816,0,neutral,0,Twitter for iPhone,iOS,7396,Android,YeaRightDoee,@natalicarmenn just get the app !! I have an android too lol
Fri  01 Mar 2013 21:03:34 +0000,345,303,24822,2,neutral,0,Twitter for iPhone,iOS,17498,Android,Edfor3,Leander got the android dude out there twearking
Fri  01 Mar 2013 21:07:53 +0000,5725,2535,24841,3,neutral,0,Twitter for iPhone,iOS,10501,Android,PerfLoveLife,@LifeOfAGFx it's an android app
Fri  01 Mar 2013 21:12:49 +0000,284,299,24864,0,negative,0,Twitter for iPhone,iOS,16871,Android,1badd_libra32,My mama done got her an android...she think she the shit now lmao
Fri  01 Mar 2013 21:15:14 +0000,953,681,24874,0,neutral,0,Twitter for iPhone,iOS,25198,Android,_kiyaboo,@ErnestFipps123 well idk   ask somebody who got a android
Fri  01 Mar 2013 21:15:35 +0000,938,1097,24876,1,neutral,0,Twitter for iPhone,iOS,429,Android,jrdam74,@Android_Tuning Followback
Fri  01 Mar 2013 21:16:31 +0000,5997,6560,24880,95,neutral,0,Twitter for iPhone,iOS,34569,Android,sloweatermvp,@Android_Tuning   #Preciate_The_Follow
Fri  01 Mar 2013 21:16:32 +0000,104,72,24881,4,negative,0,Twitter for iPhone,iOS,11574,Android,MyLifeAsJeMS,@GeezytaughtHer_ @_rudeboi101 the freedom of the android life is missed by me lol ????
Fri  01 Mar 2013 21:17:01 +0000,190,213,24883,1,neutral,0,Twitter for iPhone,iOS,3759,Android,LyleReasoner,@Gatsby4815 I used to have an android and I converted
Fri  01 Mar 2013 21:19:27 +0000,36,91,24894,1,positive,0,Twitter for iPhone,iOS,873,Android,porkchophamwich,@Irukanji_Cookie that link might help. I think I used to be able to do it from my old android phone.
Fri  01 Mar 2013 21:19:40 +0000,1057,879,24896,0,negative,0,Twitter for iPhone,iOS,14742,Android,ATripToLONDON,Guess Ill Be Trapping off this Android Til Monday
Fri  01 Mar 2013 21:28:20 +0000,352,301,24905,0,neutral,0,Twitter for iPhone,iOS,19176,Android,JhonDique,I remember when I had an Android
Fri  01 Mar 2013 21:28:26 +0000,534,758,24906,0,neutral,0,Twitter for iPhone,iOS,5044,Android,datniggamickel,@PrettyPreshay u got a android dnt u ...
Fri  01 Mar 2013 21:29:08 +0000,468,343,24911,0,neutral,0,Twitter for iPhone,iOS,37821,Android,h_o_d_g_e100,Back to a damn android ????
Fri  01 Mar 2013 21:31:17 +0000,673,659,24922,0,neutral,0,Twitter for iPhone,iOS,1647,Android,RachelCarey15,@camkeyes I thought you couldn't cause you had an android ????
Fri  01 Mar 2013 21:35:02 +0000,75,75,24949,0,neutral,0,Twitter for iPhone,iOS,2351,Android,lordkenobi,@4eyedballer krillen is nice! I forgot he had a girlfriend before android 18
Fri  01 Mar 2013 21:36:41 +0000,288,1106,24956,1,neutral,0,Twitter for iPhone,iOS,1707,Android,Poisontattoo94,@wood197302 not bad I'm only getting bout 3 on ee so pretty bad that's why I'm looking to switch and go android
Fri  01 Mar 2013 21:37:41 +0000,50,83,24960,0,neutral,0,Twitter for iPhone,iOS,1562,Android,StNick_212,@beynd_beauTful android... #Fail
Fri  01 Mar 2013 21:38:35 +0000,328,877,24967,0,positive,0,Twitter for iPhone,iOS,2358,Android,BlaqBecki,?@sneakersapp: Hey #sneakerheads if you are on Android download our App now http://t.co/PlL9lAVMeq and let's talk and share! @jordan22501
Fri  01 Mar 2013 21:39:38 +0000,1816,633,24973,1,neutral,0,Twitter for iPhone,iOS,20834,Android,T_RAWW95,@ihadatweetsome I don't think I could handle another android!
Fri  01 Mar 2013 21:40:33 +0000,677,938,24977,35,neutral,0,Twitter for iPhone,iOS,4736,Android,hatercopter,@gwvatieri You think android users are more averse to Facebook?
Fri  01 Mar 2013 21:46:54 +0000,1183,995,25011,1,neutral,0,Twitter for iPhone,iOS,59004,Android,RockerKillz,@TREEKASS i change it mine is a android now
Fri  01 Mar 2013 21:47:09 +0000,253,188,25013,0,negative,0,Twitter for iPhone,iOS,10446,Android,Joey_NVJO,I got a job dressed up like a android on Campbell drive everyone ride by and throw tomatoes at me
Fri  01 Mar 2013 21:48:41 +0000,61,455,25020,0,positive,0,Twitter for iPhone,iOS,1043,Android,AkronLovesYou6,#nowplaying Paranoid Android- Radiohead
Fri  01 Mar 2013 21:48:53 +0000,587,755,25022,1,positive,0,Twitter for iPhone,iOS,18434,Android,sayyyBAA_,I miss my android
Fri  01 Mar 2013 21:49:12 +0000,169,169,25023,1,neutral,0,Twitter for iPhone,iOS,10687,Android,divinamojica,Damn you android for not having flash player! #tabletproblems
Fri  01 Mar 2013 21:50:29 +0000,497,462,25030,16,negative,0,Twitter for iPhone,iOS,28594,Android,VerbalSpacey,You can tell who uses an Android device by the amount of typos in their tweets and texts.
Fri  01 Mar 2013 21:51:17 +0000,389,385,25031,1,positive,0,Twitter for iPhone,iOS,6708,Android,dhatbtch_23,Trappin Off My Android.
Fri  01 Mar 2013 21:52:18 +0000,416,324,25038,1,neutral,0,Twitter for iPhone,iOS,2724,Android,CanadianMamma,Real friends don't send emojis to android friends. #BeKind #UseEmoticons
Fri  01 Mar 2013 21:54:44 +0000,3096,393,25050,170,neutral,0,Twitter for iPhone,iOS,119744,Android,mauropm,@Saucerdk @learningti whats the content of the android section of your tiapp.xml?
Fri  01 Mar 2013 21:57:04 +0000,521,374,25057,1,negative,0,Twitter for iPhone,iOS,31115,Android,NiggasHatee,Look folks  my nigga got that ????&lt;- that's fire for android users lol. ?@Colby_Cash: @NiggasHatee new shit bra 


http://t.co/yy5r16SpRo?
Fri  01 Mar 2013 21:58:06 +0000,308,209,25065,0,neutral,0,Twitter for iPhone,iOS,17690,Android,Mimi_Kay_,I remember Kaytlyn's old android lol
Fri  01 Mar 2013 21:59:17 +0000,339,173,25070,0,neutral,0,Twitter for iPhone,iOS,9135,Android,_kaytlynee,it was shitttttyyy ?@Mimi_Kay_: I remember Kaytlyn's old android lol?
Fri  01 Mar 2013 22:01:57 +0000,278,60,25085,0,neutral,0,Twitter for iPhone,iOS,1947,Android,STayEVEN,Hopping on that android life soon! #fuckberry's
Fri  01 Mar 2013 22:02:04 +0000,390,262,25086,0,neutral,0,Twitter for iPhone,iOS,4416,Android,YOUNECK_iCURVE,Lmaoo negga got his mom income tax now he gotta android n used jordans lmaoo... I see u G ???
Fri  01 Mar 2013 22:03:25 +0000,1894,876,25096,3,negative,0,Twitter for iPhone,iOS,12766,Android,GossipBoyz,?@LaughorYawn: Your tweeting VIA ANDROID doesn't mean your IQ is higher than someone that tweets via NOKIA?
Fri  01 Mar 2013 22:03:40 +0000,246,76,25097,11,neutral,0,Twitter for iPhone,iOS,4168,Android,trejkaz,Android rendering issues seem like they have a practical benefit.
Fri  01 Mar 2013 22:03:44 +0000,143,196,25098,3,neutral,0,Twitter for iPhone,iOS,256,Android,Stevedpearce,@TheInstowArms Many thanks for the follow u can download a free apple or android app via http://t.co/Dma2QNPPow  Cheers Steve
Fri  01 Mar 2013 22:04:19 +0000,143,196,25103,3,neutral,0,Twitter for iPhone,iOS,257,Android,Stevedpearce,@LynBarefoot Many thanks for the follow u can download a free apple or android app via http://t.co/Dma2QNPPow  Cheers Steve
Fri  01 Mar 2013 22:04:49 +0000,143,196,25106,3,neutral,0,Twitter for iPhone,iOS,258,Android,Stevedpearce,@BudeWindows Many thanks for the follow u can download a free apple or android app via http://t.co/Dma2QNPPow  Cheers Steve
Fri  01 Mar 2013 22:05:09 +0000,479,193,25108,0,neutral,0,Twitter for iPhone,iOS,15953,Android,llanascarmen,@33Marifer you're new to the touch screen/android category
Fri  01 Mar 2013 22:06:13 +0000,234,247,25118,4,neutral,0,Twitter for iPhone,iOS,20609,Android,Al_Kaeda,I'd buy an android phone just for the Jellybean keyboard. It's beautiful  that's what it is.
Fri  01 Mar 2013 22:11:18 +0000,104,129,25141,3,positive,0,Twitter for iPhone,iOS,3411,Android,jguzikowski,@kevintheclever excuse me? Snood STILL is a thing..apparently they're on Android now (subject of the newsletter)
Fri  01 Mar 2013 22:13:15 +0000,426,393,25154,0,neutral,0,Twitter for iPhone,iOS,7085,Android,SLR_Sid,i want a android again !
Fri  01 Mar 2013 22:14:12 +0000,148,117,25163,0,neutral,0,Twitter for iPhone,iOS,629,Android,MakeItHaeske,Android autocorrect doesn't know "sorority"  further proving that they are the GDIs of the phone world
Fri  01 Mar 2013 22:14:18 +0000,815,558,25164,4,neutral,0,Twitter for iPhone,iOS,14155,Android,baddaxsjsb,?@100stackzSAMboe: I hate when yall use emojis ...i have an android so they jus appear as boxes? ????????
Fri  01 Mar 2013 22:14:21 +0000,462,144,25165,0,neutral,0,Twitter for iPhone,iOS,4970,Android,DanandPhiladict,@ElizaDanosaur1 well actually kindles are run on android lol
Fri  01 Mar 2013 22:15:57 +0000,828,591,25176,8,neutral,0,Twitter for iPhone,iOS,30339,Android,TiffyNicole15,just re downloaded foursquare on my phone and I hadn't used it since I had my android back in December ????
Fri  01 Mar 2013 22:15:59 +0000,790,787,25178,0,neutral,0,Twitter for iPhone,iOS,33121,Android,Iam_Trippz,k ?@freeMEjwor: I want Android Smiley's too :(?
Fri  01 Mar 2013 22:18:33 +0000,6,23,25189,0,negative,0,Twitter for iPhone,iOS,30,Android,HAILEESCHMITZ,If I'm a retarded android  does that make me a black berry??
Fri  01 Mar 2013 22:18:37 +0000,1418,2003,25190,38,neutral,0,Twitter for iPhone,iOS,24139,Android,apokaloptimist,@ExpectLulz i thought I was the only person on earth that hated Samsung android devices
Fri  01 Mar 2013 22:19:40 +0000,313,405,25193,8,neutral,0,Twitter for iPhone,iOS,4026,Android,catfyson,@xtiffyxx i was put off of android after suffering with a htc phone!
Fri  01 Mar 2013 22:21:40 +0000,339,437,25206,1,neutral,0,Twitter for iPhone,iOS,12904,Android,ellefontt,Never trust a bitch with an android! ???? @laurenstutes
Fri  01 Mar 2013 22:24:50 +0000,203,183,25219,0,negative,0,Twitter for iPhone,iOS,4106,Android,sandy_harkho,@Jeffrey_Barrrrr fuck yoo android' can't see me bitchhhh????????????
Fri  01 Mar 2013 22:29:55 +0000,118,111,25252,1,neutral,0,Twitter for iPhone,iOS,8062,Android,morgenisme,@nataliecraving yeah android sucks haha
Fri  01 Mar 2013 22:30:43 +0000,862,152,25259,1,neutral,0,Twitter for iPhone,iOS,14076,Android,magnisbane,@imagin3drag0ns ooh you have an android? AWW :((((
Fri  01 Mar 2013 22:32:42 +0000,3080,1165,25274,160,neutral,0,Twitter for iPhone,iOS,11743,Android,just1nbruce,.@ikersaldivar just told that the Android version of the new WKRN weather app is on the way in a week or so.
Fri  01 Mar 2013 22:33:01 +0000,313,405,25279,8,negative,0,Twitter for iPhone,iOS,4031,Android,catfyson,@xtiffyxx my boyfriends mum has the galaxy tab which is good but i've been put off android! #applesbitch
Fri  01 Mar 2013 22:35:02 +0000,487,263,25288,0,negative,0,Twitter for iPhone,iOS,20537,Android,BrenenDre,@LyonsJade android about to come my way lol
Fri  01 Mar 2013 22:35:56 +0000,873,474,25290,1,neutral,0,Twitter for iPhone,iOS,30465,Android,IDance_SheWatch,I want an android phone
Fri  01 Mar 2013 22:36:14 +0000,366,186,25291,9,neutral,0,Twitter for iPhone,iOS,10002,Android,adamwrobinson,@DYMongoose he attacked customers of smartphones which are flat featureless devices. Apple &amp; others too. A big part of which use Android.
Fri  01 Mar 2013 22:38:06 +0000,1230,943,25296,5,neutral,0,Twitter for iPhone,iOS,46717,Android,_LiyyahDee,When my echofon app starts tripping I switch to twitter for android
Fri  01 Mar 2013 22:38:08 +0000,832,507,25297,2,neutral,0,Twitter for iPhone,iOS,18877,Android,Not_That_Heroic,I don't think I'll ever go back to the android life by choice.
Fri  01 Mar 2013 22:42:04 +0000,892,1350,25314,2,neutral,0,Twitter for iPhone,iOS,192,Android,Sincipient820,The SQUATCHBOX is a must have app for every #squatcher or #bigfoot hunter out there...FREE on #Android
Fri  01 Mar 2013 22:43:18 +0000,1120,1065,25318,3,neutral,0,Twitter for iPhone,iOS,51392,Android,_Left_Eye,I had to fuckin leave work cause of @TrapGirl__Mimi for saying that this worker said an android is NOT a smart phone ????????????????????
Fri  01 Mar 2013 22:47:34 +0000,51,65,25335,0,positive,0,Twitter for iPhone,iOS,1214,Android,MadisonCrisler,I miss my android ... I liked that so much better at times
Fri  01 Mar 2013 22:47:54 +0000,501,488,25337,2,negative,0,Twitter for iPhone,iOS,24639,Android,ThatTaylorMonet,Couldn't answer my phone was completely dead android said swipe denied #HA
Fri  01 Mar 2013 22:49:11 +0000,9,1,25343,1,neutral,0,Twitter for iPhone,iOS,150,Android,Toeda57,And i still prefer Android. http://t.co/u0OPlLPbJT
Fri  01 Mar 2013 22:52:50 +0000,36,46,25354,0,negative,0,Twitter for iPhone,iOS,1295,Android,SumzNadeem,@javvieee it's a man. Get your facts right u android chicken nugget
Fri  01 Mar 2013 22:54:20 +0000,361,329,25362,3,neutral,0,Twitter for iPhone,iOS,11755,Android,Paidinfull912,@hey_MoeMoe lol yeah mane..I had an affair with android
Fri  01 Mar 2013 22:54:46 +0000,2369,984,25363,111,neutral,0,Twitter for iPhone,iOS,10515,Android,yocline,Like other old folks I'm just going to blame technology  specifically Android cc/ @JJSIII
Fri  01 Mar 2013 22:55:47 +0000,13010,8,25369,214,neutral,0,Twitter for iPhone,iOS,21176,Android,wnwnews,1024 #DirtSheet #Android installs!  See why all the hype https://t.co/DQ4uUfel1Y
Fri  01 Mar 2013 22:56:28 +0000,601,527,25371,0,neutral,0,Twitter for iPhone,iOS,18752,Android,YunngNatnFree,@dizzleduchess wordd !! mi nigga jus switch to Android or some :)
Fri  01 Mar 2013 22:58:02 +0000,101,194,25374,0,neutral,0,Twitter for iPhone,iOS,336,Android,SariKreines,?@timschwarz: just finished a runtastic run of 5.26 mi in 55m 14s with #runtastic PRO Android App: http://t.co/m5NccSrcsJ? awe yea #athletic
Fri  01 Mar 2013 22:59:07 +0000,3873,1179,25382,0,neutral,0,Twitter for iPhone,iOS,13192,Android,DB_FromRockwell,And a android nigga
Fri  01 Mar 2013 23:01:40 +0000,11,108,25393,0,neutral,0,Twitter for iPhone,iOS,575,Android,AmineSeventy3,I think we should take Google+ seriously as it is growing beside Twitter so that means Android too which means lots http://t.co/gVEdqBm9ez
Fri  01 Mar 2013 23:04:28 +0000,1111,1723,25406,6,neutral,0,Twitter for iPhone,iOS,23795,Android,UhitsLeeexo,Sending emojis to an android user just to annoy them ????
Fri  01 Mar 2013 23:05:32 +0000,215,213,25411,0,neutral,0,Twitter for iPhone,iOS,8326,Android,CamrynLaBoo,But I'd prefer the android????
Fri  01 Mar 2013 23:11:16 +0000,340,219,25433,2,neutral,0,Twitter for iPhone,iOS,20326,Android,Tago_the_Guez,Your team Android...
Fri  01 Mar 2013 23:15:34 +0000,391,385,25449,0,negative,0,Twitter for iPhone,iOS,15805,Android,LadyEhilton,?@Tru_ShesA_Bomb: I know ericka ain't just try play wit me wit no emojis?you Kno I did member u play with my old Android lls
Fri  01 Mar 2013 23:16:26 +0000,245,243,25454,1,neutral,0,Twitter for iPhone,iOS,5364,Android,MauryRell_,@CashDADDY_ oh thats the blow a bunch of useless android chargers smh
Fri  01 Mar 2013 23:17:51 +0000,492,97,25458,9,neutral,0,Twitter for iPhone,iOS,1746,Android,HiRezAPC,@peterloorke i gotta get someone with an android phone to see this baby in action. Well done though. Will share with others :)
Fri  01 Mar 2013 23:18:01 +0000,215,213,25461,0,neutral,0,Twitter for iPhone,iOS,8328,Android,CamrynLaBoo,Considering the android doesn't work????
Fri  01 Mar 2013 23:18:10 +0000,5986,612,25463,317,neutral,0,Twitter for iPhone,iOS,25167,Android,BenedictEvans,@charlesarthur @steveliput Acer was building a custom platform on top of Android. It was fragmenting it. That Moto phone doesn't do that
Fri  01 Mar 2013 23:21:52 +0000,5986,612,25477,317,neutral,0,Twitter for iPhone,iOS,25168,Android,BenedictEvans,The future of 'search' isn't a text box on a web page: it's deep device integration. That's why Android fragmentation is a problem.
Fri  01 Mar 2013 23:23:46 +0000,5986,612,25481,317,neutral,0,Twitter for iPhone,iOS,25169,Android,BenedictEvans,@davidchow I believe Samsung Android devices in China come without Google Play: https://t.co/9pW611unzA
Fri  01 Mar 2013 23:24:41 +0000,160,107,25484,7,neutral,0,Twitter for iPhone,iOS,940,Android,dylanbarrell,Standing room only for @pauljadam's Android #a11y presentation #csun13 http://t.co/eaoeEPGKVg
Fri  01 Mar 2013 23:25:34 +0000,453,439,25488,1,neutral,0,Twitter for iPhone,iOS,53965,Android,_BEasyDude,?@fatBOOTY_: if this android man doesn't stop parchutin' down my screen? lmfao
Fri  01 Mar 2013 23:26:50 +0000,220,226,25496,0,neutral,0,Twitter for iPhone,iOS,1799,Android,kayjayy90,Bac to android I'm about to go...
Fri  01 Mar 2013 23:28:13 +0000,17,48,25502,0,positive,0,Twitter for iPhone,iOS,481,Android,iamlemonfilm,How to better use my Android system at home? Hmmm ...
Fri  01 Mar 2013 23:28:55 +0000,26,46,25503,1,neutral,0,Twitter for iPhone,iOS,415,Android,mattack108,5mins later and the Android OS system(tm) has crashed. And I was just updating the apps. You Google call it stable system...
Fri  01 Mar 2013 23:30:45 +0000,16460,1034,25515,667,neutral,0,Twitter for iPhone,iOS,11960,Android,LaurenGoode,.@jack says he has high hopes for Android when @fredwilson asks about smartphone/tablet penetration (re: mobile payments) in emerging mkts
Fri  01 Mar 2013 23:31:09 +0000,11,108,25517,0,neutral,0,Twitter for iPhone,iOS,580,Android,AmineSeventy3,Anything u want knw on android jynx box follow the unique tutorial how to put Xbmc &amp; navix our fellow @xctechs YouTube for more info
Fri  01 Mar 2013 23:31:10 +0000,352,323,25518,0,neutral,0,Twitter for iPhone,iOS,51112,Android,azfaznurfurrr,@ina_loves26 too bad for android users. MUAHAHAHAHAHHA. ????????????????????????????????????
Fri  01 Mar 2013 23:31:11 +0000,174,274,25519,5,neutral,0,Twitter for iPhone,iOS,1703,Android,mandyvan,In the Android 4.2+ Accessibility session by @pauljadam @csun13
Fri  01 Mar 2013 23:35:15 +0000,140,131,25536,0,neutral,0,Twitter for iPhone,iOS,3099,Android,OhhLizyBabyy,@Edgar_92Till I didn't I had an android so iCloud wasn't there
Fri  01 Mar 2013 23:38:17 +0000,2058,480,25549,218,neutral,0,Twitter for iPhone,iOS,6791,Android,goodwitch,SRO for @pauljadam session on  Talkback &amp; Magnification #a11y in Android. 4.2+ #CSUN13
Fri  01 Mar 2013 23:40:10 +0000,196,200,25555,0,neutral,0,Twitter for iPhone,iOS,4781,Android,inee_27,@KingJaikope uhm .. BOOO you &amp;&amp; your android!! ha jk!
Fri  01 Mar 2013 23:31:29 +0000,195,394,27612,1,neutral,0,UberSocial Pro for iPhone,iOS,14702,Android,kurnia08lusy,BB off android on...
Fri  01 Mar 2013 19:04:34 +0000,222,197,27625,0,neutral,0,VEVO iPhone,iOS,4415,Android,DanielRomeo,I'm watching Right Here (Lyric Video) by Justin Bieber ft. Drake on @VEVO for Android. http://t.co/JbdPdbiwbs
Fri  01 Mar 2013 19:55:45 +0000,8,75,27626,0,neutral,0,VEVO iPhone,iOS,271,Android,AnitaMorlock,I'm watching The Best Day by Taylor Swift on @VEVO for Android. http://t.co/uleRHLwjrd
Fri  01 Mar 2013 19:57:39 +0000,8,75,27627,0,neutral,0,VEVO iPhone,iOS,272,Android,AnitaMorlock,Khloe is one lucky little girl I'm watching The Best Day by Taylor Swift on @VEVO for Android. http://t.co/uleRHLwjrd
Fri  01 Mar 2013 20:01:46 +0000,8,16,27628,0,neutral,0,VEVO iPhone,iOS,121,Android,rulasrulito,I'm watching Outside by George Michael on @VEVO for Android. http://t.co/uI6qqdIyuw
Fri  01 Mar 2013 20:03:09 +0000,1474,2008,27629,27,neutral,0,VEVO iPhone,iOS,43025,Android,WutsCrackinAZ,I'm watching On My Block by Scarface on @VEVO for Android. http://t.co/HxnFJ512rS
Fri  01 Mar 2013 20:03:18 +0000,8,16,27630,0,neutral,0,VEVO iPhone,iOS,122,Android,rulasrulito,I'm watching I'm Gonna Getcha Good! (Red Picture Version) by Shania Twain on @VEVO for Android. http://t.co/s9I4etEngD
Fri  01 Mar 2013 20:35:33 +0000,51,280,27631,0,neutral,0,VEVO iPhone,iOS,2252,Android,Dommecca22,I'm watching Diced Pineapples (Explicit) by Rick Ross ft. Wale &amp; Drake on @VEVO for Android. http://t.co/68vmJef0iF
Fri  01 Mar 2013 20:37:00 +0000,51,280,27632,0,neutral,0,VEVO iPhone,iOS,2253,Android,Dommecca22,I'm watching Headlines (Explicit) by Drake on @VEVO for Android. http://t.co/SLLsQlLMtQ
Fri  01 Mar 2013 20:37:49 +0000,33,223,27633,0,neutral,0,VEVO iPhone,iOS,1219,Android,andrelemos100,I'm watching The One That Got Away by Katy Perry on @VEVO for Android. http://t.co/ywN7qFJcMt
Fri  01 Mar 2013 21:13:55 +0000,6,29,27634,2,positive,0,VEVO iPhone,iOS,202,Android,anva6606,I'm watching Algo Me Gusta De Ti (Lyric Video) by Wisin &amp; Yandel ft. T-Pain &amp; Chris Brown on @VEVO for Android. http://t.co/6o51apceav
Fri  01 Mar 2013 21:43:49 +0000,104,308,27635,1,neutral,0,VEVO iPhone,iOS,953,Android,terrymayz,I'm watching Hey Porsche by Nelly on @VEVO for Android. http://t.co/gqPELUNcq6
Fri  01 Mar 2013 21:45:35 +0000,75,81,27636,1,neutral,0,VEVO iPhone,iOS,704,Android,PornKeuth,I'm watching Carried Away by Passion Pit on @VEVO for Android. http://t.co/FQXXvseVOq
Fri  01 Mar 2013 22:17:37 +0000,28,76,27637,0,neutral,0,VEVO iPhone,iOS,880,Android,TYCloser,I'm watching Major Distribution (Explicit) by 50 Cent ft. Young Jeezy &amp; Snoop Dogg on @VEVO for Android. http://t.co/Xx6m8ZIFo2
Fri  01 Mar 2013 22:29:23 +0000,96,365,27638,0,positive,0,VEVO iPhone,iOS,252,Android,theelmsctl2,I'm watching Next To Me by Emeli Sand?? on @VEVO for Android. http://t.co/1BhsQrlIKD
Fri  01 Mar 2013 22:59:06 +0000,0,1,27639,0,neutral,0,VEVO iPhone,iOS,10,Android,VevollcSf,I'm watching Right Side of the Bed by Atreyu on @VEVO for Android. http://t.co/L91gYgYBUf
Fri  01 Mar 2013 23:15:33 +0000,0,1,27640,0,neutral,0,VEVO iPhone,iOS,22,Android,god_dea,I'm watching One Way Or Another (Teenage Kicks) by One Direction on @VEVO for Android. http://t.co/D2X5U9tyTC
Fri  01 Mar 2013 23:18:52 +0000,6,37,27641,0,neutral,0,VEVO iPhone,iOS,17,Android,ddmothe,I'm watching Heart Attack (Official Lyric Video) by Demi Lovato on @VEVO for Android. http://t.co/qKrEavXIXs
Fri  01 Mar 2013 23:22:30 +0000,0,1,27642,0,neutral,0,VEVO iPhone,iOS,23,Android,god_dea,I'm watching The Ship Song by Nick Cave &amp; The Bad Seeds on @VEVO for Android. http://t.co/wuyQwt7WXL
Fri  01 Mar 2013 23:22:55 +0000,117,204,27643,0,neutral,0,VEVO iPhone,iOS,2255,Android,Miartinah,One Way Or Another (Teenage Kicks) by One Direction on @VEVO for Android. http://t.co/HLJffmxhVp come farti tornare il sorriso :')
Fri  01 Mar 2013 23:38:16 +0000,187,1115,27644,0,neutral,0,VEVO iPhone,iOS,783,Android,Entrt8nmtlove,I'm watching Skyscraper by Demi Lovato on @VEVO for Android. http://t.co/9Gyk5SgAL6
Fri  01 Mar 2013 18:56:14 +0000,199,1008,29720,12,neutral,0,Zite Personalized Magazine,iOS,1522,Android,compare_tablets,Amazon Android tablet app comes to the UK http://t.co/Rc2pffLOne
Fri  01 Mar 2013 21:41:08 +0000,163,169,29726,3,neutral,0,Zite Personalized Magazine,iOS,5959,Android,moniquekromhout,Android 4.2.2 AOSP code push now complete http://t.co/xGewJHXYko
